Time,X Position,Y Position,Z Position,yaw
510.705813267,-0.24568548367030396,0.043783564778529405,2.079,0.049933070341587414
510.737798442,-0.2456854841159073,0.043783564333222835,2.081,0.04912297188909339
510.777747619,-0.24568548425787862,0.04378356511005288,2.081,0.04743901540435352
510.805747619,-0.24568548444638738,0.043783563875182785,2.082,0.046511262516671086
510.837743298,-0.24568548444638738,0.043783563875182785,2.083,0.04496533276851488
510.877728478,-0.24568548461162765,0.043783563961371286,2.083,0.04331242841282417
510.905728478,-0.24568548444638738,0.043783563875182785,2.083,0.044077940451068644
510.93772266,-0.23813587535191694,0.043783562894022965,2.083,0.04571832480645864
510.96572266,-0.23813587535191694,0.043783562894022965,2.083,0.04822047040017502
511.017716844,-0.23813587507155387,0.043783562795101094,2.082,0.056687910772734086
511.07770803,-0.23813587507155387,0.043783562795101094,2.082,0.06595092446925784
511.145705601,-0.23813587535191694,0.043783562894022965,2.083,0.07507623156507617
511.217700595,-0.23813587507155387,0.043783562795101094,2.082,0.0777804602243333
511.2576948,-0.23813587502143663,0.043783562721646185,2.081,0.07823745985637998
511.2856948,-0.23813587476434206,0.0437835625624996,2.08,0.07819503880633097
511.305692007,-0.23813587457583352,0.043783563797369585,2.079,0.0779064058421194
511.325692007,-0.23813587429547045,0.043783563698447936,2.078,0.07767885738834515
511.345692007,-0.23813587413023019,0.04378356361225966,2.077,0.07730970176478358
511.365678928,-0.23813587398825886,0.04378356346584644,2.076,0.07654553473337067
511.397682142,-0.2381358738230186,0.04378356401007499,2.074,0.07567198513849659
511.417682358,-0.23813587354265553,0.04378356391115312,2.074,0.07500307969973266
511.437685576,-0.23813587354265553,0.04378356391115312,2.074,0.0740101634725564
511.457683019,-0.2456854827289805,0.04378356559568797,2.074,0.07278224867733211
511.485683019,-0.24568548498618936,0.032664768061258176,2.074,0.07198627991462667
511.517683244,-0.2456854854317927,0.032664768246368325,2.075,0.07163090053163206
511.537683244,-0.24568548562030124,0.03266476701149834,2.077,0.07299582722246635
511.557683244,-0.2456854858773958,0.032664767170644704,2.078,0.07511310019010789
511.585680471,-0.24568548592751305,0.032664767244099835,2.079,0.07718578792895393
511.6376777,-0.24568548592751305,0.032664767244099835,2.079,0.08312969247334842
511.6656777,-0.24568548592751305,0.032664767244099835,2.079,0.08513662461330548
511.685665931,-0.23813587685631088,0.03266476557229847,2.079,0.08513662461330548
511.705665931,-0.23813587685631088,0.03266476557229847,2.078,0.08590123798565923
511.717666165,-0.23813587682946213,0.032664765438618626,2.078,0.08623079075761514
511.737666165,-0.23813587682946213,0.032664765438618626,2.078,0.08636242283606753
511.757666165,-0.2305862678501147,0.0326647638397749,2.077,0.08633553609048568
511.777660401,-0.23058626768487445,0.03266476438400345,2.077,0.0861707931537933
511.797660401,-0.2305862678501147,0.0326647638397749,2.077,0.086013054618689
511.817660401,-0.2305862678501147,0.0326647638397749,2.077,0.08572283991100674
511.837657639,-0.22303665887076685,0.03266476287134834,2.077,0.085409093688717
511.857657639,-0.22303665870552658,0.03266476278515984,2.077,0.08497466766113004
511.877664123,-0.22303665870552658,0.03266476278515984,2.077,0.08437324392864531
511.897664123,-0.2154870493539618,0.03266476164485366,2.076,0.08370687318948732
511.917664123,-0.21548704918872152,0.03266476155866538,2.075,0.08319646832198206
511.937664123,-0.20793744009425108,0.032664760577505336,2.075,0.08297539773213351
511.957656868,-0.20793744009425108,0.032664760577505336,2.075,0.08347188307268633
511.977656868,-0.20038783125329473,0.03266475830075355,2.075,0.08486057247476034
511.997651116,-0.19283822218209257,0.032664757259368904,2.075,0.08627633724119185
512.017651116,-0.19283822218209257,0.032664757259368904,2.075,0.08735137168958793
512.037651116,-0.1852886133912537,0.03266475505607225,2.076,0.08811878622074995
512.057648366,-0.17773900452702884,0.03266475346996178,2.076,0.08856585335455713
512.077648366,-0.17773900452702884,0.03266475346996178,2.076,0.08880405751000588
512.105648366,-0.1701893951521951,0.032664752389880314,2.075,0.08896908103430991
512.117639619,-0.1626397861961162,0.03266475136122893,2.075,0.08900904355344468
512.137639619,-0.15509017705152806,0.03266475030661398,2.074,0.0889410222954351
512.157633874,-0.155090176886288,0.032664750220425476,2.073,0.0885320989992531
512.177633874,-0.14754056781508607,0.03266474791820717,2.073,0.08779610528135928
512.197633874,-0.13999095855537536,0.03266474748127568,2.072,0.08730577776067794
512.217628131,-0.13999095855537536,0.03266474748127568,2.072,0.08654221528611787
512.237628131,-0.132441349714419,0.032664745834940834,2.072,0.08568779470335466
512.257628131,-0.12489174061994857,0.03266474422336407,2.072,0.08510850380670287
512.277622391,-0.12489174061994857,0.03266474422336407,2.071,0.08426756158329889
512.297622391,-0.11734213149862915,0.032664743108524075,2.071,0.08360910593211303
512.317616654,-0.10979252242742721,0.03266474080630577,2.07,0.08285533087997934
512.337622919,-0.10979252223891844,0.032664742041175865,2.07,0.0822085565960795
512.357629187,-0.10224291311759925,0.03266474029591937,2.068,0.08116542189720095
512.377633006,-0.09469330397301134,0.0326647392413042,2.067,0.08058882968104984
512.397633006,-0.0946933038077713,0.032664739155115696,2.067,0.08077696694620103
512.417630284,-0.08714369473656935,0.03266473748331444,2.067,0.08174190605795474
512.437627564,-0.07959408578048999,0.032664735824246005,2.067,0.08423922192359846
512.457627564,-0.07959408559198144,0.03266473705911599,2.066,0.08742178395167031
512.477627564,-0.0720444767510251,0.03266473478236398,2.066,0.0905267877220752
512.497627847,-0.06449486749131439,0.03266473371501588,2.065,0.09516059023669914
512.517627847,-0.06449486721095132,0.03266473424651106,2.064,0.10153969211014356
512.537627847,-0.05694525836999498,0.032664732600176216,2.063,0.10672134982968905
512.557626633,-0.04939564934053009,0.0326647315582943,2.063,0.1114024042093196
512.577623921,-0.049395649175290046,0.0326647314721058,2.062,0.11521797459766832
512.597624211,-0.04184604010408788,0.03266472980030444,2.061,0.1177317487067101
512.617618504,-0.034296431101471736,0.03266472952251931,2.062,0.12028525073153057
512.637618504,-0.0342964330133122,0.021545931319473022,2.062,0.12240015121586922
512.657618504,-0.026746824057232832,0.021545929660404806,2.062,0.12328456779926203
512.677609799,-0.026746824057232832,0.021545929660404806,2.062,0.12405127682281315
512.697609799,-0.019197214986030886,0.02154592798860333,2.062,0.12443186671845365
512.717609799,-0.019197214986030886,0.02154592798860333,2.062,0.1245004894057121
512.737607702,-0.011647605956565998,0.021545926946721528,2.061,0.12422913845587139
512.757607702,-0.004097997000486853,0.02154592528765331,2.061,0.12364898114301147
512.777607702,-0.004097997000486853,0.02154592528765331,2.061,0.12284306514448128
512.797600508,0.003451612397615267,0.021545924898213498,2.06,0.12204859533592828
512.817600508,0.011001221238571612,0.02154592325187843,2.059,0.12081487418167539
512.837600508,0.01855083040642791,0.021545922887905022,2.059,0.11960039494832805
512.857597816,0.018550830433276655,0.021545922123808126,2.058,0.11853755170625775
512.877597816,0.0261004395044786,0.02154592045200676,2.057,0.11750633422654545
512.897597816,0.03365004878745792,0.021545920075300096,2.057,0.11716631794309383
512.917592128,0.04119965746317411,0.021545918515153306,2.057,0.11801179520271428
512.937592128,0.048749266557644666,0.021545917533993486,2.058,0.11932157218201274
512.957592128,0.05629887542186951,0.021545915947883243,2.058,0.12171001977033978
512.977584942,0.06384848451634006,0.021545914966723423,2.058,0.12541624293005532
512.997584942,0.07139809349568771,0.021545913367880032,2.058,0.12820186181042612
513.017588259,0.07139809366092775,0.021545913912108472,2.057,0.1305103828239805
513.037588259,0.07894770275539842,0.02154591293094854,2.057,0.13197170171337685
513.057588259,0.08649731178486342,0.021545911889066516,2.056,0.13284785845113933
513.077585578,0.09404692090618272,0.0215459101438098,2.055,0.13321844801393026
513.097585578,0.10159653007403913,0.021545909779836392,2.054,0.13333219361271106
513.117585578,0.10914613910350401,0.0215459087379547,2.053,0.1329252476221672
513.137587401,0.11669574847833752,0.02154590828828984,2.052,0.13243187517081761
513.157587401,0.12424535750780252,0.021545907246408258,2.051,0.13162854809640556
513.177587401,0.13179496634875876,0.02154590560007319,2.05,0.13065540401939923
513.197584726,0.13934457563173797,0.021545905223366413,2.05,0.12927041588421065
513.217584726,0.14689418477632588,0.02154590416875135,2.049,0.12798227836600856
513.237580554,0.15444379380579087,0.021545903126869548,2.047,0.12661626157507497
513.257580554,0.16199340311561872,0.021545901986066096,2.046,0.12515019562436983
513.277580554,0.16954301226020663,0.021545901561867975,2.045,0.12365224165257188
513.297577884,0.17709262140479431,0.021545900507252802,2.044,0.12239836071724179
513.317577884,0.19219183924836702,0.021545898583132717,2.044,0.12001342588925805
513.337577054,0.1997414483929547,0.021545897528517766,2.043,0.11869723095825754
513.357583393,0.20729105739557097,0.021545896620315697,2.043,0.11699461959896397
513.377583393,0.2148406662365272,0.02154589497398085,2.043,0.1157654365638194
513.397588235,0.22239027533099787,0.02154589399282103,2.043,0.11390105291893347
513.417588235,0.2299398843103455,0.021545893024394247,2.043,0.11260444818801613
513.437588235,0.23748949319783885,0.02154589212892566,2.043,0.1108888929976032
513.45757958,0.24503910231557802,0.021545891838407494,2.042,0.11021860140304988
513.47757958,0.2525887113217744,0.021545890736300644,2.041,0.11037177161586115
513.49757958,0.2601383203745079,0.021545889754643666,2.041,0.11061121925152409
513.517570927,0.2676879296342185,0.021545889317712175,2.04,0.1107583952014734
513.537570927,0.27523753836005205,0.021545887684110476,2.04,0.11069890590971761
513.557568277,0.2827871473626682,0.02154588677590863,2.04,0.11046391144292562
513.577568277,0.29033675645713874,0.02154588579474881,2.039,0.11008422276126406
513.597568277,0.2978863653213636,0.021545884839055285,2.04,0.10929941388648481
513.61756863,0.30543597432397984,0.021545884561270268,2.04,0.10851040592272602
513.63756863,0.31298558325321024,0.021545883035881896,2.041,0.10779919616892791
513.657571986,0.3205351922325579,0.021545882067455557,2.041,0.10678334499984635
513.677563706,0.32808480083968816,0.021545881270908396,2.042,0.105664049081211
513.697563706,0.33563441004928163,0.021545880277015206,2.042,0.10435245472516763
513.71756407,0.3431840190286294,0.021545879308588645,2.042,0.10278507669115436
513.73756407,0.3431840190787465,0.021545879235133514,2.041,0.10138075305331631
513.75756407,0.35073362808136277,0.021545878957348386,2.04,0.0998889589017971
513.777558437,0.35828323724921907,0.02154587859337498,2.04,0.09849364355782751
513.797558437,0.3658328462786842,0.021545877551493287,2.039,0.09732266519323081
513.817558437,0.3733824551429089,0.02154587659579954,2.039,0.09596585237736913
513.837558807,0.38093206442588823,0.021545876219092985,2.038,0.09427720276495952
513.857558807,0.38093206442588823,0.021545876219092985,2.037,0.09270808016486225
513.87755468,0.3884816734553531,0.021545875177211182,2.037,0.09115985453329442
513.89755468,0.39603128234284646,0.021545874912159535,2.037,0.08998519035124551
513.91755468,0.40358089127207686,0.021545873386771164,2.038,0.08861444437951158
513.937553555,0.4111305002746931,0.021545873108985925,2.038,0.08739168201018885
513.957553555,0.4111305002746931,0.021545873108985925,2.038,0.08723621923698853
513.977553555,0.41868010913891796,0.021545872153292622,2.038,0.08803485673805705
513.997550934,0.426229718256657,0.021545871862774568,2.038,0.08973498291286242
514.017554315,0.43377932615329284,0.010427074553644111,2.038,0.09221996652527359
514.037554315,0.4413289350407862,0.010427073658175745,2.038,0.09564853290390865
514.0575517,0.44887854402013383,0.010427072689748962,2.038,0.099960836770394
514.0775517,0.4564281530227501,0.010427072411964056,2.038,0.10511310594459815
514.097543087,0.4639777620020977,0.010427071443537161,2.038,0.10978131845559715
514.117543477,0.47152737116995413,0.010427071079563754,2.037,0.11620250917894052
514.13754087,0.4790769800574475,0.010427070184095277,2.037,0.12323510791852232
514.15754087,0.48662658915191803,0.010427069833352065,2.037,0.13256373579254746
514.177535266,0.4941761980161429,0.010427068247242044,2.037,0.14061848383463604
514.197535266,0.5017258069537535,0.010427067908734933,2.036,0.14803533741943725
514.217535266,0.509275416094761,0.0104270683088582,2.036,0.15456671707432426
514.237526665,0.516825025124226,0.010427067266976398,2.035,0.1591255662614844
514.257526665,0.5243746341769595,0.01042706691573625,2.034,0.16398133522167377
514.277526665,0.5319242432714301,0.01042706593457643,2.034,0.16858150408469136
514.297524068,0.5394738522090406,0.010427065596069318,2.033,0.1715211920085437
514.317524068,0.5545730702411218,0.010427064906819217,2.032,0.1737124224740097
514.337522973,0.5621226792938553,0.010427063925162239,2.031,0.1751736444386952
514.357522973,0.5696722882314659,0.010427063586655128,2.03,0.17594773855642293
514.377522973,0.5772218973492049,0.010427063926553903,2.029,0.1764702398835611
514.397515881,0.5847715062868155,0.010427063588046792,2.029,0.17661446361152727
514.417515881,0.5923211154546719,0.010427062593656666,2.028,0.17622262134214622
514.437515881,0.6074203333215129,0.010427061360178125,2.027,0.17543600198662876
514.457510292,0.6149699422591236,0.010427061021671236,2.027,0.1741766540653211
514.477510292,0.6225195513768627,0.010427060731152737,2.027,0.1727107263180679
514.497510292,0.6300691602912047,0.010427059702004082,2.026,0.17049276461168233
514.517501707,0.6451683782964373,0.010427059146434159,2.025,0.1683260795470641
514.537501707,0.6527179873724391,0.010427059485835444,2.025,0.16655119263775053
514.557501707,0.6602675962867812,0.010427058456686789,2.024,0.16421274747541323
514.577502125,0.6753668143152822,0.010427058591758409,2.024,0.1611997313095112
514.597502125,0.6829164231795071,0.010427057636065107,2.024,0.15917655266127814
514.617502125,0.6904660316517572,-0.0006917409975648603,2.024,0.15653985805529583
514.637484546,0.6980156408160333,-0.0006917399068000485,2.024,0.15347370034093324
514.657484546,0.7055652495651352,-0.0006917414801770327,2.024,0.15056674140921483
514.67747897,0.7131148587061429,-0.0006917410800535428,2.024,0.14875498598889864
514.69747897,0.720664467708759,-0.000691741357838449,2.024,0.14705963961965213
514.71747897,0.7282140765729839,-0.0006917423135321954,2.024,0.14457021476924417
514.737476398,0.7433132946014849,-0.0006917428088775157,2.023,0.1426011384948819
514.757476398,0.7508629036542183,-0.000691742529701056,2.023,0.14065180575463018
514.77746483,0.7584125125417116,-0.0006917434251694221,2.023,0.1390526701063868
514.79746483,0.7659621215675964,-0.0006917430123130064,2.023,0.1366908839192843
514.81746483,0.7735117307354527,-0.0006917433762865244,2.022,0.13506624746310675
514.837463764,0.7810613394845547,-0.0006917443192464567,2.022,0.132610333199972
514.857463764,0.7886109485104394,-0.000691743906390041,2.022,0.13093878232975995
514.877463764,0.7961605575130556,-0.000691744814591555,2.022,0.12825730990025086
514.897458203,0.8037101665156718,-0.0006917450923769053,2.022,0.1264354494031735
514.917458203,0.8112597754765509,-0.0006917447402421395,2.021,0.12374542774626046
514.937458203,0.8188093844791672,-0.0006917450180272677,2.021,0.12163362514627467
514.957461645,0.8339086023692767,-0.0006917455608639322,2.021,0.11994134130436673
514.977461645,0.8414582113951614,-0.0006917457784243464,2.021,0.11745459819662375
514.99745759,0.8490078203977776,-0.0006917460562094746,2.021,0.11534261285983467
515.01745759,0.8490078200976574,-0.01181054254627023,2.021,0.11319599869211563
515.03745759,0.8565574289851507,-0.011810542811322211,2.021,0.11147325092470058
515.057461039,0.8641070381261583,-0.011810543041615551,2.021,0.11077285678520558
515.077461039,0.8716566470786572,-0.01181054324594566,2.021,0.11048370675060495
515.097461039,0.8792062560812735,-0.011810543523730566,2.022,0.11024454842770082
515.117449947,0.8867558651071581,-0.01181054311087415,2.022,0.10946024570961135
515.137449947,0.8943054739946515,-0.011810544006342516,2.022,0.10856047318697758
515.157445907,0.9018550830205362,-0.0118105435934861,2.022,0.107614122592532
515.177445907,0.9094046921114266,-0.01181054375032442,2.022,0.10639401081976149
515.197445907,0.9169543009989198,-0.011810544015375957,2.023,0.10460422331602057
515.21744487,0.9245039100015361,-0.011810544293161307,2.023,0.10324070876042911
515.23744487,0.9320535190924264,-0.011810544449999405,2.024,0.1013867265949456
515.25744487,0.9396031279298025,-0.011810544641596366,2.024,0.0994427685021155
515.277439337,0.9471527368172958,-0.01181054553706451,2.025,0.09698487901033001
515.297439337,0.9547023460966948,-0.011810544459033068,2.025,0.09484091344505224
515.317439337,0.9622519549375821,-0.022929341809804216,2.025,0.09303404285784986
515.337435308,0.9698015638250754,-0.022929342074855974,2.025,0.090309674876379
515.357435308,0.9773511729428146,-0.02292934236537425,2.024,0.08839344625833699
515.377437282,0.9849007819036937,-0.022929342013239706,2.024,0.08585650632802132
515.397437282,0.9924503909528469,-0.022929341540158354,2.024,0.08287576187171529
515.417437282,0.9999999999823119,-0.022929341951623217,2.023,0.08093425973584047
515.437425759,1.0075496088698053,-0.022929342216675197,2.023,0.07857799574698573
515.457425759,1.0150992179189584,-0.022929341743593845,2.022,0.07767556143805135
515.477425759,1.0226488270868148,-0.022929341477150533,2.022,0.07734861497769391
515.497420241,1.0377480451385843,-0.022929341281854088,2.022,0.07756357249626598
515.517420241,1.0452976540493462,-0.02292934085626408,2.022,0.07769847236582612
515.537420241,1.0528472630286938,-0.022929341824690752,2.022,0.07758364782641405
515.557422226,1.06039687219297,-0.02292934073392594,2.022,0.07733308430892395
515.577422226,1.0679464811037318,-0.022929340938752985,2.022,0.07688107901918394
515.597422226,1.0830456992473556,-0.022929340816414623,2.022,0.07645564639994774
515.617413715,1.090595308134849,-0.022929341081466603,2.022,0.07601937696593891
515.637413715,1.098144917184002,-0.02292934060838503,2.022,0.07554250614072493
515.657405208,1.1056945263250098,-0.022929340208261983,2.022,0.07511470537960692
515.677405208,1.1132441350741118,-0.022929341151221916,2.022,0.07466244762066104
515.697405208,1.1207937440081421,-0.022929340034990586,2.022,0.07391958798947838
515.717396705,1.128343353241004,-0.022929340968658618,2.021,0.0730531848331075
515.737396705,1.1358929623402747,-0.0229293399386159,2.021,0.07201077151399525
515.757396705,1.143442571112645,-0.02292933956051768,2.02,0.07113681199897291
515.77739771,1.1585417892378003,-0.022929338748034933,2.02,0.06974886580445465
515.79739771,1.1660913981754109,-0.02292933845612488,2.019,0.06873471808272866
515.81739771,1.1736410071362902,-0.02292933873440739,2.018,0.06762179974265443
515.837389219,1.1811906162772976,-0.022929338334283678,2.017,0.06669666093310941
515.857389219,1.1887402249846626,-0.022929338016907774,2.017,0.06551565971073942
515.877386731,1.1962898341489385,-0.02292933755655957,2.017,0.06411041369612046
515.897386731,1.2038394431515549,-0.0229293378343447,2.017,0.06323073011428328
515.917386731,1.211389052035468,-0.022929337275074735,2.018,0.062049524247146486
515.937387248,1.2189386611764754,-0.022929336874951467,2.018,0.06071407460594083
515.957387248,1.2264882702673658,-0.022929336401372957,2.019,0.059791643619561546
515.977387248,1.2340378791781277,-0.0229293366062,2.019,0.058441912208803695
515.997381768,1.2415874882040123,-0.022929336193343586,2.019,0.057358631503546864
516.017381768,1.24913709734502,-0.022929335793219874,2.019,0.055536136178640914
516.037385293,1.2566867062790505,-0.022929335307405374,2.018,0.05425343711355255
516.057378321,1.2642363152166611,-0.022929335015495766,2.018,0.05227366831113158
516.077378321,1.2717859242425458,-0.02292933523305596,2.018,0.050625049736917595
516.097378321,1.279335533291699,-0.022929334129557777,2.018,0.049128479149370095
516.117371353,1.2944347512784629,-0.022929333364566595,2.017,0.04772295127923872
516.137371353,1.3019843601892247,-0.02292933293897681,2.017,0.04673905621573039
516.15736889,1.3095339691268353,-0.022929333277483588,2.016,0.04546765547664101
516.17736889,1.3170835781109829,-0.022929332234707722,2.015,0.04406752235470649
516.19736889,1.324633187275259,-0.022929331143942466,2.014,0.04255116722096055
516.21736943,1.3321827960977468,-0.022929331469716097,2.014,0.041396489971524765
516.23736943,1.3397324050317772,-0.02292933035348499,2.014,0.04021285699427985
516.257372975,1.3472820141727848,-0.0229293299533615,2.014,0.038969865394470095
516.277372975,1.3548316231068152,-0.022929329467547,2.014,0.037723200695482094
516.297372975,1.3623812319943085,-0.02292932910218215,2.014,0.03637739743742456
516.317376524,1.3699308411585847,-0.022929328641833724,2.014,0.03501509099590116
516.337376524,1.3774804499542235,-0.022929328203511012,2.014,0.03387102729589204
516.357380076,1.3850300590683824,-0.022929327669707344,2.014,0.032058633649133625
516.377380076,1.39257966820939,-0.0229293272695843,2.015,0.030891699868380116
516.397380076,1.4001292779211432,-0.034048125279182884,2.016,0.029160133283655652
516.417380633,1.4076788868969106,-0.034048125423287834,2.017,0.028086517570678253
516.437380633,1.4152284961494608,-0.034048124211576214,2.018,0.026369590923050516
516.457381193,1.422778105240351,-0.03404812373799748,2.019,0.025207107116774076
516.477381193,1.4303277142161184,-0.034048123882102876,2.02,0.023776957433228687
516.497381193,1.4378773234454,-0.03404812336103258,2.021,0.022020208894842342
516.517375757,1.445426932471285,-0.03404812231775933,2.021,0.020820289285451106
516.537375757,1.4529765414053153,-0.03404812183194439,2.021,0.019725724109817912
516.557373325,1.4605261504312,-0.03404812141908797,2.021,0.01934173086097359
516.577373325,1.4680757595304705,-0.03404812038904503,2.02,0.01998644700697732
516.597373325,1.4756253683762268,-0.03404812002417712,2.019,0.021497390832953756
516.617369398,1.4907245862711362,-0.034048118555811246,2.018,0.023385535341182907
516.637369398,1.4982741951168925,-0.03404811819094333,2.017,0.026658910595820887
516.657369398,1.5058238042161631,-0.03404811716090039,2.016,0.028615010343189
516.677369974,1.5133734132653163,-0.0340481154269856,2.016,0.030677899435980836
516.697369974,1.520923022176078,-0.034048115631812426,2.015,0.03264203586531808
516.717370226,1.5284726312252315,-0.034048114528314244,2.016,0.03376561347274263
516.737373817,1.5360222402511161,-0.034048114745874436,2.016,0.034845367063823324
516.757373817,1.5511214583494226,-0.03404811253887807,2.016,0.03557885133630669
516.777377413,1.5586710673251902,-0.03404811205256619,2.016,0.03575912388162825
516.797377413,1.5662206764894662,-0.03404811159221843,2.016,0.035730918159909815
516.817377413,1.5737702854736138,-0.0340481105494419,2.016,0.0355993338255205
516.837370512,1.5813198942692528,-0.034048110111118746,2.016,0.03531754078912381
516.857370512,1.5888695031382776,-0.03404810905560973,2.015,0.03504420309516192
516.877370512,1.5964191122792852,-0.03404810865548624,2.014,0.03476098850359939
516.897368115,1.611518330312586,-0.03404810650921175,2.014,0.034210583685668226
516.917368115,1.619067939181611,-0.03404810545370229,2.013,0.0337335167370883
516.937362723,1.6266175480273672,-0.03404810445841777,2.012,0.03323557060356656
516.957366334,1.6341671570115148,-0.03404810404605829,2.011,0.032591617900837595
516.977366949,1.6417167660839367,-0.034048102251918566,2.011,0.03178039752305795
516.997370317,1.6492663747913014,-0.03404810193454244,2.01,0.030928410412196464
517.017374581,1.6568159838404548,-0.03404810146146087,2.01,0.030283159793444404
517.037374581,1.6719152018737555,-0.0340480993151866,2.009,0.02959275718902784
517.057376719,1.6794648107845174,-0.03404809888959659,2.009,0.02909016065125781
517.077376719,1.6870144196535422,-0.03404809783408691,2.008,0.02830792877802777
517.097376719,1.694564028725964,-0.034048096039947406,2.008,0.027728835293797754
517.11735636,1.7021136362601204,-0.022929297745919897,2.007,0.02716518906011472
517.13735636,1.7096632453325422,-0.02292929595177995,2.007,0.026609049152850416
517.15735636,1.7247624632507201,-0.02292929379277253,2.006,0.026130734528775297
517.177355506,1.7323120720463592,-0.022929293354449154,2.006,0.025690462549877988
517.197355506,1.7398616810955125,-0.022929292250951416,2.006,0.025129304269580578
517.217347155,1.7474112901446657,-0.022929291777869842,2.006,0.02473176671751352
517.237347155,1.754960899078696,-0.022929290661638513,2.006,0.02420132966190341
517.257347155,1.7625105095044546,-0.034048088056994885,2.007,0.023694055665171385
517.277338808,1.7700601186919993,-0.03404808627558831,2.007,0.02309945685685296
517.297338808,1.7776097276027611,-0.03404808584999852,2.007,0.0225974432423564
517.317327466,1.785159336675183,-0.034048084686275626,2.007,0.021928546136147937
517.337327466,1.7927089457010679,-0.03404808427341899,2.006,0.021573629892560096
517.357327466,1.8002585547734895,-0.03404808247927926,2.006,0.021055911805829233
517.377328127,1.807808163592397,-0.03404808135031434,2.006,0.020635234474239872
517.397328127,1.8153577726415502,-0.03404808087723321,2.007,0.02107714899043859
517.417325792,1.8229073816907035,-0.03404807914331842,2.007,0.022038495117337117
517.437321962,1.8304569907398567,-0.03404807867023685,2.007,0.0238260035117598
517.457321962,1.838006599877284,-0.03404807744579186,2.007,0.024977111172028686
517.477322635,1.845556208788046,-0.034048077020202294,2.008,0.02617567241242788
517.497322635,1.8606554252526524,-0.022929276155204903,2.008,0.026860991011564972
517.517322635,1.8682050341866827,-0.02292927503897335,2.008,0.027338082653079687
517.537315813,1.8757546431207133,-0.02292927455315885,2.008,0.027798971670480104
517.557315813,1.883304252308258,-0.022929272771752274,2.008,0.02806590608711085
517.577315813,1.8908538610621597,-0.022929271703509446,2.007,0.02837679427658856
517.597307494,1.898403470226436,-0.022929270612744634,2.007,0.028516006581763807
517.617307494,1.9059530788419465,-0.022929269591993595,2.006,0.02862446946210067
517.637307494,1.9135026877342396,-0.0229292684762592,2.005,0.028665901529041058
517.65730668,1.9210522969217845,-0.022929266694852846,2.004,0.028785581311309226
517.67730668,1.9286019074477776,-0.03404806360670265,2.004,0.028807170348161968
517.69730668,1.9361515162666851,-0.03404806247773795,2.003,0.028843896295608403
517.71730137,1.9437011254542296,-0.034048060696331595,2.004,0.02888244110252258
517.73730137,1.951250734503383,-0.0340480602232498,2.004,0.028888167783504507
517.757303565,1.958800343387296,-0.03404805903356345,2.004,0.028799188217354364
517.777303565,1.966349952574841,-0.0340480578825737,2.005,0.02859719988910643
517.797303565,1.9738995615088712,-0.034048056135925764,2.005,0.02827645565137266
517.817307263,1.9814491707614215,-0.03404805492421392,2.006,0.02776796785269467
517.837307263,1.988998779833843,-0.034048053760491026,2.006,0.027383484014033208
517.857307263,1.9965483887678737,-0.034048052644259474,2.006,0.027144101422959477
517.877301966,2.0040979977251725,-0.03404805083738638,2.006,0.026653405491087766
517.897301966,2.011647606774326,-0.03404804973388842,2.006,0.02620010889659763
517.917295172,2.019197215708356,-0.03404804861765687,2.006,0.02559181547881261
517.937295172,2.0342964336498026,-0.03404804639842429,2.005,0.024751741677773026
517.957295172,2.0418460427222245,-0.03404804460428479,2.005,0.02372981384551152
517.977294383,2.049395649473789,-0.02292924553048281,2.004,0.022815789329278188
517.997294383,2.0569452605718164,-0.03404804105126069,2.004,0.021993639927916232
518.017294383,2.0644948695058467,-0.03404804056544619,2.004,0.021352439746033673
518.037286099,2.072044478439877,-0.03404803881879781,2.003,0.020806410055207832
518.057286099,2.079594087447293,-0.034048037085379734,2.003,0.02003342503554956
518.077283818,2.0871436962894694,-0.03404803589619054,2.003,0.019566984023643322
518.097283818,2.0946933050433714,-0.034048034197530885,2.002,0.01908290367456797
518.117283818,2.1022429140925247,-0.034048033724449756,2.002,0.018516207896750566
518.137278542,2.109792523188215,-0.034048031239668264,2.002,0.01807629264531433
518.157278542,2.1248917410562758,-0.034048029007205605,2.001,0.017584801231945106
518.17728227,2.132441349948569,-0.03404802726105438,2.001,0.01692493746222514
518.19728227,2.139990959044259,-0.03404802540668994,2.001,0.016361498408393696
518.21728227,2.147540567955021,-0.034048024350683326,2.001,0.015879549172796843
518.237283002,2.15509017691232,-0.03404802317422684,2.0,0.015191298825941089
518.257283002,2.162639785827882,-0.034048020737434515,2.0,0.014220230858543171
518.277283002,2.170189394761912,-0.03404801962120296,2.0,0.013532671581089133
518.297283739,2.1777390036959425,-0.03404801850497163,2.0,0.01288492294949601
518.317283739,2.1928382217256632,-0.03404801553437542,1.999,0.012270170771518391
518.33728898,2.2003878306179567,-0.03404801315780781,1.999,0.011706006758269306
518.35728898,2.2079374396903786,-0.03404801199408469,1.999,0.011141420532518912
518.377289725,2.215487048509286,-0.03404801086511999,1.999,0.010607616761816622
518.397289725,2.2230366576049763,-0.03404800838033872,1.999,0.010043301756407795
518.417289725,2.2305862668575265,-0.03404800716862688,1.999,0.009428149276008817
518.437282974,2.238135875791557,-0.03404800605239555,1.999,0.009000021617535721
518.457282974,2.2456854844536043,-0.034048004280778255,1.999,0.008467559946935798
518.477282974,2.253235093484289,-0.034048001856718635,1.998,0.008103937428462007
518.497282228,2.260784702303196,-0.03404800072775416,1.998,0.0076549330961459975
518.517282228,2.2683343112604955,-0.034047998920881284,1.998,0.007247459748888567
518.537282228,2.2758839204713084,-0.03404799644883294,1.997,0.006998576791349814
518.557276985,2.283433529290216,-0.03404799595028507,1.998,0.00675020623836975
518.577276985,2.2909831383859065,-0.03404799346550358,1.998,0.006541240396455856
518.597276985,2.298532747458328,-0.034047991671364075,1.998,0.006302348293824166
518.617250747,2.3060823562772357,-0.034047990542399154,1.998,0.006172113219450522
518.637250747,2.313631965257803,-0.034047988675301344,1.998,0.006076311701403963
518.657250747,2.321181574126828,-0.034047986989375056,1.997,0.0058547807960697565
518.677247014,2.3287311829272666,-0.03404798453984936,1.996,0.0054504791540066376
518.697247014,2.3362807915893145,-0.034047982768231844,1.995,0.005105360730150164
518.717247014,2.351380009530761,-0.03404797991858266,1.994,0.004693937806728237
518.737244784,2.3589296182160773,-0.034047977456323375,1.993,0.004870886269923798
518.757244784,2.366479227085102,-0.03404797640081392,1.992,0.00621875619498704
518.777244784,2.374028835950546,-0.03404797389056613,1.991,0.007617641918457429
518.79723956,2.381578444612594,-0.03404797211894861,1.991,0.009261869104896216
518.81723956,2.389128053980267,-0.03404797028955309,1.992,0.010494778570945103
518.83723956,2.3966776629375657,-0.03404796911309704,1.992,0.011188386438314435
518.857231339,2.404227272213385,-0.03404796658032683,1.992,0.011566634895948337
518.877231339,2.4117768811706837,-0.034047965403870784,1.993,0.011888743765606228
518.897231339,2.419326490308111,-0.034047963549009186,1.994,0.012180077231884757
518.917226124,2.4268760995839296,-0.0340479616466558,1.994,0.012237257945034538
518.937226124,2.4344257086980887,-0.034047961112852576,1.995,0.012282016285125628
518.957220913,2.441975317973907,-0.03404795858008236,1.996,0.012230251867559975
518.977220913,2.4495249269544743,-0.03404795671298455,1.997,0.012043452871960153
518.997219505,2.4570745363221476,-0.03404795488358925,1.998,0.011741303865069028
519.017219505,2.472173754375137,-0.03404795122235171,1.998,0.011288073915933441
519.037219505,2.479723363512564,-0.03404794936748967,1.998,0.010855290545100454
519.057217308,2.4872729721978803,-0.03404794753564766,1.998,0.01038116180757031
519.077217308,2.494822581385425,-0.03404794512382403,1.998,0.009808929852388919
519.097217308,2.502372190227601,-0.03404794393463484,1.997,0.009248063284507616
519.117212115,2.509921798912917,-0.034047941472375776,1.997,0.008710724841871355
519.137212115,2.517471407985339,-0.03404793904781922,1.997,0.0081930005253557
519.157209927,2.5250210169426377,-0.034047937871362954,1.997,0.007619260766236831
519.177209927,2.540120234838767,-0.03404793293705555,1.996,0.007104573286153707
519.197209927,2.547669843680943,-0.034047931117449304,1.996,0.006583545190610033
519.217204744,2.555219455289579,-0.04516672613219841,1.995,0.005917887672719822
519.237204744,2.5627690644771235,-0.04516672498120844,1.995,0.005781313929153064
519.257204744,2.570318673457691,-0.045166722483694244,1.994,0.0064183584277202
519.277205566,2.5778682820046157,-0.045166720699343355,1.994,0.007565428252563652
519.297205566,2.585417891100306,-0.045166718214562085,1.994,0.008759571846691225
519.317200392,2.5929675003111194,-0.04516671574251374,1.994,0.009267803855568435
519.337200392,2.6005171090614407,-0.045166713849949414,1.993,0.009487466733603817
519.357200392,2.615616327026156,-0.045166710309658686,1.993,0.009694520116360527
519.377201223,2.623165935776478,-0.04516670778667753,1.993,0.009725041400235572
519.397201223,2.630715545102414,-0.045166705327362555,1.993,0.00973125947279043
519.417193059,2.6382651540597126,-0.04516670352048946,1.993,0.009640291003606935
519.437193059,2.6458147629251574,-0.0451667016406585,1.993,0.009634518719745492
519.457196899,2.653364371997579,-0.045166699846518554,1.993,0.00964565240946342
519.477198808,2.660913981181543,-0.0451666972407907,1.994,0.009703280688720652
519.497198808,2.6684635901388423,-0.0451666954339176,1.994,0.009878657968962371
519.517198808,2.676013199529784,-0.04516669354429759,1.995,0.01020035151199677
519.537193672,2.691112417352527,-0.045166689227176704,1.995,0.010414572348969326
519.557193672,2.6986620265633405,-0.045166686755128804,1.995,0.010750160509981836
519.577193672,2.706211635428785,-0.0451666848752974,1.995,0.0109938187167241
519.59718854,2.713761244524475,-0.0451666817600993,1.995,0.011256434013922187
519.61718854,2.721310853481774,-0.04516668058364304,1.995,0.011495053736733532
519.637183414,2.7288604657542983,-0.05628547491069469,1.995,0.011775158923786737
519.657183414,2.7364100747348656,-0.05628547304359688,1.995,0.012043655342258904
519.677184291,2.743959683945679,-0.05628547057154876,1.994,0.012417296805011543
519.697189061,2.7515092925158724,-0.056285468096556324,1.994,0.012770763359216475
519.717189953,2.7590589015232885,-0.05628546636313847,1.993,0.013121589446454076
519.737189953,2.7666085102318734,-0.05628546321023786,1.992,0.013451199273637988
519.75718485,2.774158118506815,-0.056285460140084176,1.99,0.013585397904974322
519.777188751,2.78170772769436,-0.0562854583586776,1.989,0.013694311605691
519.797197482,2.7892573363564077,-0.05628545658706008,1.989,0.013854391190305895
519.817197482,2.7968069453602435,-0.056285453398903895,1.989,0.01414547432866143
519.837197482,2.8043565544792015,-0.05628545085389769,1.989,0.014457642823205812
519.857201402,2.8119061638701437,-0.056285448333860844,1.99,0.014889947876288492
519.877201402,2.8194557727123195,-0.05628544714467143,1.99,0.01521836552455936
519.897201402,2.8270053814894904,-0.05628544475537023,1.989,0.015414489924016114
519.917193326,2.8345549904933263,-0.056285441567214045,1.988,0.015624335302730937
519.937193326,2.849654207979081,-0.056285436655428844,1.987,0.015576963323497254
519.957193326,2.857203816549274,-0.05628543418043663,1.986,0.015556654464844893
519.977186754,2.8647534253264446,-0.056285431791135654,1.985,0.015573124752469624
519.997186754,2.8723030341501525,-0.0562854292813848,1.984,0.015419819381622063
520.017186754,2.879852643425971,-0.056285426748614587,1.985,0.015193630122739358
520.037181687,2.8874022524298066,-0.05628542419087523,1.985,0.014924960162375185
520.057181687,2.8949518618207484,-0.05628542167083839,1.986,0.014681408480526856
520.077181687,2.9025014710732986,-0.05628541982870994,1.987,0.014470210248514121
520.097179624,2.910051079938743,-0.05628541794887876,1.987,0.014201318225836616
520.117179624,2.9176006893296846,-0.05628541542884191,1.987,0.013811935206923592
520.137176066,2.9251502980382695,-0.05628541290635791,1.987,0.013593844419263892
520.157176066,2.9326999067235855,-0.05628540981368202,1.986,0.013271978410811815
520.177176066,2.9402495155240245,-0.056285407364156326,1.985,0.01290270946378954
520.197177013,2.9477991245278607,-0.05628540480641675,1.985,0.012702882239285607
520.217177013,2.9553487332131763,-0.05628540171374086,1.984,0.012554491157614844
520.237177013,2.970447951059189,-0.05628539733639526,1.984,0.01257509812953984
520.257159964,2.977997560039756,-0.0562853948388804,1.983,0.012596189278506842
520.277159964,2.9855471688634636,-0.05628539169871316,1.983,0.012565919961565556
520.297159964,2.993096777844031,-0.0562853892011983,1.983,0.012612377500753554
520.31715792,3.0006463868478668,-0.05628538601304234,1.983,0.012686979294800652
520.33715792,3.0081959955099142,-0.05628538424142482,1.982,0.012698440876293293
520.357158881,3.0157456044904816,-0.05628538174390996,1.982,0.012689527232959602
520.377158881,3.0232952131990665,-0.05628537859100935,1.981,0.01267032455329458
520.397158881,3.030844822318025,-0.056285376046003366,1.981,0.012647876594923373
520.417158881,3.0459440399839086,-0.05628537045581261,1.98,0.012562897445057238
520.437153846,3.053493648554102,-0.0562853679808204,1.979,0.012404185042116617
520.457157816,3.061043257239418,-0.056285365518561115,1.977,0.012030210900961468
520.477169754,3.068592865767874,-0.0562853617832324,1.976,0.011632719096889257
520.497173235,3.0761424743380674,-0.05628535930823997,1.975,0.011296609716171606
520.517173235,3.0836920829315293,-0.05628535614260599,1.974,0.010739224539230022
520.537173235,3.0912416917319683,-0.056285353693080076,1.973,0.010334585860443404
520.557165232,3.0987913004405527,-0.05628535054017947,1.972,0.009831639924424623
520.577165232,3.106340909305997,-0.05628534802993146,1.972,0.009467573520806401
520.597165232,3.121440127175278,-0.05628534233152749,1.972,0.009174264595012721
520.617161734,3.1289897362942365,-0.05628533978652128,1.972,0.008923944024979714
520.637161734,3.136539345570055,-0.05628533725375107,1.973,0.008623479921396884
520.65715974,3.144088954573891,-0.05628533469601171,1.973,0.00848705597695657
520.677163267,3.1516385638729782,-0.05628533147259995,1.974,0.00836739955608858
520.697167287,3.1591881729686686,-0.056285328987818684,1.974,0.008312496233683363
520.717165311,3.166737781857382,-0.05628532641734596,1.974,0.008267033583336438
520.73716634,3.174287390837949,-0.05628532391983132,1.974,0.008272850369340851
520.75716634,3.1818369955638395,-0.04516652323554826,1.973,0.008330523192986303
520.77716634,3.189386604314161,-0.045166521342983934,1.973,0.008404358892239023
520.797155373,3.196936213022746,-0.04516651819008333,1.972,0.008314139514079706
520.817155373,3.204485821708062,-0.045166515097407434,1.971,0.008022418141834057
520.837155373,3.2120354304166465,-0.045166511944506826,1.97,0.0077610442469083
520.857153411,3.2271346478755527,-0.04516650626862484,1.969,0.007279897574415156
520.877157453,3.2346842606819544,-0.05628530002942256,1.968,0.006646809319686469
520.897157453,3.2422338698241817,-0.05628529679377503,1.968,0.006091007270924074
520.917157453,3.2497834744534178,-0.04516649741732004,1.968,0.00563325327365556
520.9371525,3.257333083480522,-0.04516649416893914,1.968,0.005663569489202373
520.9571525,3.2648826924610894,-0.0451664916714245,1.968,0.006285998648595053
520.977153551,3.2724323014881938,-0.04516648779262655,1.968,0.008274971807753963
520.997148606,3.279981910058387,-0.04516648531763434,1.967,0.010396625486127676
521.017152666,3.287531518923832,-0.045166482807386554,1.967,0.014461065165731205
521.037152666,3.2950811280660592,-0.04516647957173858,1.967,0.01796989070671996
521.0571518,3.3026307373651465,-0.04516647634832682,1.968,0.02045055165884919
521.0771518,3.310180346230591,-0.045166473838079035,1.968,0.023069804372685354
521.097153952,3.317729955234427,-0.04516647064992263,1.968,0.0251757466983882
521.117152034,3.325279563943012,-0.04516646749702202,1.967,0.026882486266096062
521.13715612,3.332829172970116,-0.0451664642486409,1.967,0.028235274730421565
521.15715612,3.3403787814019177,-0.04516646182114026,1.966,0.029252434456664873
521.177158711,3.3479283904290225,-0.04516645857275936,1.966,0.029988188173140504
521.197162807,3.3554779994328583,-0.045166455384602955,1.966,0.03032960854549063
521.217162807,3.3630276087319455,-0.045166452791608025,1.967,0.03056229945815083
521.237165406,3.3705772175973903,-0.04516644965094341,1.967,0.030633568574814047
521.257165406,3.3856764353563475,-0.045166442559019915,1.966,0.030616308673726476
521.27715751,3.393226044221792,-0.04516644004877213,1.966,0.030489352831102136
521.29715751,3.4007756532023596,-0.04516643755125749,1.966,0.0304716282020679
521.317158618,3.408325262229464,-0.04516643367245976,1.966,0.03046670011022018
521.337158618,3.4158748711181772,-0.04516643110198704,1.966,0.03038302033270064
521.357158618,3.42342448064751,-0.0451664285344584,1.966,0.03033318728801546
521.37716273,3.430974089559492,-0.04516642464292753,1.967,0.03011329004581973
521.39716273,3.4385236984482046,-0.045166421442038196,1.967,0.029946204334410705
521.41716273,3.446073307862415,-0.04516641823135936,1.967,0.029885834032939283
521.437157847,3.453622916727859,-0.04516641635152863,1.968,0.02988766267101065
521.457157847,3.461172525754964,-0.0451664124727309,1.968,0.029939781658920694
521.477152968,3.4687221300621,-0.034047612997851306,1.967,0.029874859749838445
521.497152968,3.476271738563707,-0.034047609128842415,1.967,0.029960212458248793
521.517152968,3.4838213475908115,-0.03404760525004469,1.967,0.029998250004659333
521.537151093,3.491370956161005,-0.03404760277505203,1.966,0.03000364610484106
521.557151093,3.4989205646393438,-0.03404759959668513,1.965,0.03000018245790459
521.577146222,3.5064701728224312,-0.03404759582315675,1.963,0.029903502832341684
521.597146222,3.514019781415893,-0.03404759265752255,1.962,0.029826776120982536
521.617146222,3.521569390009355,-0.034047588861471745,1.961,0.029637065569121365
521.637144355,3.5291189989213363,-0.03404758560035748,1.961,0.02941961725849298
521.657144355,3.5366686083355465,-0.03404758238967931,1.962,0.028844771821520763
521.677145493,3.5442182172475283,-0.03404757912856504,1.962,0.028555728066552277
521.697145493,3.5517678264314925,-0.03404757589241969,1.963,0.028154659560704304
521.717145493,3.559317435665574,-0.034047573360147076,1.963,0.027837245190018525
521.737137635,3.5668670446926787,-0.03404756948134913,1.963,0.02753407354789072
521.757137635,3.574416653351146,-0.03404756625499328,1.963,0.027227533490118142
521.777137635,3.581966262723619,-0.034047562414394994,1.963,0.026795658992736313
521.797135782,3.5819662630188702,-0.03404756300955647,1.964,0.02628274181009839
521.817135782,3.589515871907583,-0.034047559808666916,1.964,0.025830805039851423
521.837135782,3.5970654811148166,-0.03404755651229707,1.965,0.025336155504244985
521.857133933,3.597065481501922,-0.03404755718041663,1.966,0.024692825985538285
521.877133933,3.604615090667418,-0.03404755262371051,1.966,0.02401932125397799
521.897123088,3.6121646995328622,-0.03404755074387911,1.966,0.023566534597400747
521.917123088,3.6121646995328622,-0.03404755074387911,1.965,0.023051074869100473
521.937123088,3.6197143081495926,-0.03404754625718698,1.965,0.02253943301177613
521.957118247,3.619714307739218,-0.03404754627970896,1.963,0.02208741028487878
521.977118247,3.627263915899037,-0.03404754319682213,1.962,0.021597862410030446
521.99712358,3.627263915899037,-0.03404754319682213,1.962,0.021252165782300637
522.017130753,3.6348135248342874,-0.034047538614649486,1.962,0.02082976125506183
522.037130753,3.6348135248342874,-0.034047538614649486,1.962,0.02056734106299997
522.05712593,3.6423631338381237,-0.03404753605691013,1.962,0.020309653802439168
522.077127111,3.6423631342484977,-0.034047536034387926,1.963,0.02011948759715697
522.097120487,3.6423631345437486,-0.03404753599913235,1.964,0.019643110315167734
522.117120487,3.6499127443916017,-0.03404753270570682,1.965,0.019209136301590414
522.137120487,3.6499127449403677,-0.03404753326610965,1.967,0.018771388814786443
522.157118682,3.6499127456459926,-0.03404753320833187,1.969,0.018358988533605188
522.177118682,3.65746235494508,-0.03404753061533716,1.97,0.017976287629308082
522.197118682,3.657462355355454,-0.034047530592814734,1.971,0.017457424185019457
522.21712288,3.657462355765829,-0.03404753057029275,1.972,0.017208503839029256
522.23712288,3.665011964908056,-0.034047527334645,1.972,0.01670477192937634
522.257124083,3.665011964908056,-0.034047527334645,1.972,0.016304218841603046
522.277124083,3.665011964908056,-0.034047527334645,1.972,0.01596559922581995
522.297131291,3.6650119644976815,-0.034047526726750155,1.971,0.015653501179952265
522.317135502,3.6725615733863948,-0.03404752415627765,1.971,0.015457313281885487
522.337135502,3.672561572976021,-0.03404752354838303,1.97,0.015626523938934034
522.357135502,3.672561572976021,-0.03404752354838303,1.97,0.016517863632948063
522.377130718,3.672561572976021,-0.03404752354838303,1.97,0.017722501109711564
522.397130718,3.6801111817728795,-0.03404751964411856,1.97,0.01920268567306893
522.417131938,3.680111182732019,-0.03404752018199941,1.972,0.020377717011744127
522.437131938,3.6801111834143763,-0.034047520814863175,1.973,0.02122700207131854
522.457131938,3.6876607930821006,-0.03404751756942659,1.975,0.02191160993942757
522.477127162,3.687660793787726,-0.034047517511648584,1.976,0.02245197984416966
522.497127162,3.687660794313223,-0.034047518132276355,1.977,0.023060372842491825
522.517127162,3.6952104032252047,-0.03404751424074526,1.978,0.02336465382491509
522.53711939,3.6952104032252047,-0.03404751424074526,1.977,0.023631744428269628
522.55711939,3.6952104028148303,-0.034047514263267686,1.977,0.023766498736008106
522.57711939,3.702760011726812,-0.03404751037173681,1.976,0.023851040377043213
522.597113123,3.702760011726812,-0.03404751037173681,1.976,0.023735206116643082
522.617113123,3.702760011726812,-0.03404751037173681,1.977,0.023535354531397233
522.637114359,3.702760012113918,-0.034047511670272756,1.977,0.023256868521564663
522.657114359,3.7103096211410223,-0.03404750779147503,1.978,0.023032072484357752
522.6771006,3.7103096216897877,-0.03404750709104398,1.978,0.02300365645103914
522.6971006,3.7103096216897877,-0.03404750709104398,1.979,0.02363927269642768
522.7251006,3.7103096216897877,-0.03404750709104398,1.979,0.02513914815643723
522.765098846,3.710309622076893,-0.03404750838958037,1.98,0.03369648145020082
522.785092596,3.7103096224872676,-0.034047508367057944,1.981,0.03774514474280109
522.805092596,3.7103096237416584,-0.03404750823926639,1.983,0.040519620065823166
522.82509385,3.710309624972781,-0.03404750880211638,1.986,0.04283310010170413
522.84509385,3.717859234820634,-0.03404750550869107,1.989,0.044420128485212124
522.85709385,3.710309626729401,-0.03404750998559436,1.991,0.046412868237779153
522.877087608,3.7103096271630434,-0.03404750990284722,1.992,0.047654274079066854
522.917087608,3.710309626729401,-0.03404750998559436,1.991,0.04837447012170245
522.937091871,3.710309626729401,-0.03404750998559436,1.99,0.04901837780767799
522.957091871,3.710309626729401,-0.03404750998559436,1.991,0.04933508772358478
522.977091871,3.7103096271630434,-0.03404750990284722,1.991,0.04938423646125161
522.997094639,3.702760017997548,-0.03404751382913673,1.992,0.04923918262039374
523.017094639,3.702760018454459,-0.034047513055747824,1.993,0.049090658798302815
523.037094639,3.6952104099528515,-0.034047516924756716,1.994,0.04883237762631927
523.05708991,3.695210410363226,-0.03404751690223451,1.995,0.04845757648476468
523.07708991,3.6876608018616186,-0.03404752140166001,1.996,0.04766065027626837
523.097088186,3.6876608022952615,-0.03404752068849648,1.997,0.04709508325932544
523.117088186,3.680111193563408,-0.03404752453203841,1.998,0.04651018428704514
523.137089467,3.6725615845363033,-0.03404752841083636,1.998,0.04591224147263973
523.157089467,3.6725615850850692,-0.034047528340822364,1.999,0.04534535113887042
523.177092252,3.665011976196356,-0.03404753091129531,1.999,0.044871004257309166
523.197092252,3.6574623669157376,-0.034047535455268285,1.999,0.04489646944731145
523.217092252,3.657462367464503,-0.03404753475483746,2.0,0.04536032024529351
523.237089041,3.6499127585525213,-0.03404753864636878,2.0,0.0461519063614517
523.257087334,3.649912758986164,-0.034047538563621416,2.0,0.046656848861352095
523.277087334,3.64236314995906,-0.03404754181200231,2.001,0.04720681059496865
523.297089934,3.642363150254311,-0.03404754240716379,2.001,0.047446201827661086
523.317089934,3.6348135413423295,-0.034047545668278056,2.002,0.04757690837210583
523.337089934,3.634813541637581,-0.03404754626343931,2.002,0.047421918883769947
523.357085241,3.6272639327488676,-0.03404754946432864,2.002,0.04719768781524826
523.377085241,3.6197143233346574,-0.03404755204459042,2.002,0.046892068539024785
523.397085241,3.619714322901015,-0.034047552757754396,2.001,0.04687603454416526
523.417044552,3.6121647134868047,-0.03404755533801618,2.0,0.0472019610133222
523.437044552,3.6046151041877175,-0.034047558561427715,1.999,0.04831518226008476
523.457044552,3.6046151037540746,-0.03404755864417486,1.997,0.049278446780354486
523.477018867,3.597065493791099,-0.03404756192486702,1.996,0.05098319810329005
523.497018867,3.5895158843536206,-0.03404756519577057,1.995,0.0523636394627391
523.517009687,3.589515884058369,-0.0340475652310257,1.994,0.05316983861554829
523.537009687,3.581966275169656,-0.03404756780149887,1.994,0.05405553118191141
523.557017013,3.5819662754649073,-0.0340475683966599,1.995,0.054810274122987994
523.577017013,3.574416666756323,-0.03404757154956073,1.996,0.05520809501731565
523.597010843,3.566867058277984,-0.034047574727927854,1.997,0.05583850105710124
523.617010843,3.566867058573235,-0.03404757532308933,1.998,0.0568154373345015
523.637003178,3.5668670595091063,-0.034047575921194895,2.0,0.0578233660530709
523.657003178,3.5593174514644104,-0.03404757838639805,2.002,0.0585369807783028
523.677003178,3.559317452146767,-0.03404757964967864,2.004,0.058866236259269004
523.697000018,3.5517678437334337,-0.03404758276732389,2.005,0.05882244592958481
523.717000018,3.551767844143808,-0.03404758337521829,2.007,0.05865614413961118
523.736992363,3.5517678396505055,-0.022928785719448008,2.008,0.058563142810013506
523.756992363,3.5442182309001833,-0.022928788242428944,2.008,0.05870087309658768
523.776992363,3.5442182309001833,-0.022928788242428944,2.008,0.0591274546266782
523.796987713,3.5366686221683303,-0.02292879208597154,2.008,0.059474199497411624
523.816987713,3.529119013026103,-0.02292879595203612,2.009,0.05961377834116382
523.836987713,3.529119013026103,-0.02292879595203612,2.009,0.05963083072484196
523.856993568,3.5215694046861556,-0.022928798452494847,2.01,0.05968086893088338
523.876993568,3.5215694046861556,-0.022928798452494847,2.01,0.05955999407007093
523.896993568,3.5140197951335543,-0.022928801710664803,2.009,0.05939719919520929
523.916999163,3.5064701857193437,-0.022928804921343415,2.008,0.059115490501107516
523.936999163,3.4989205765353795,-0.022928807527071493,2.007,0.05854565719108467
523.956997538,3.4989205765353795,-0.022928807527071493,2.007,0.05803869819954928
523.977004918,3.491370967508275,-0.02292881140586922,2.007,0.05737456728199311
523.997004918,3.483821358822959,-0.022928813868128506,2.008,0.0563085862062538
524.016997302,3.483821359505316,-0.02292881513140932,2.01,0.05555913941298026
524.036997302,3.476271751732603,-0.02292881888241549,2.012,0.05449766761636024
524.056997192,3.468722143664638,-0.02292882203826041,2.015,0.05314846370833333
524.076997192,3.4687221448039063,-0.022928822528152093,2.018,0.05216126710149875
524.096997192,3.4611725368009467,-0.02292882625369219,2.021,0.05091070917749411
524.116992586,3.4536229286178597,-0.02292882939680374,2.023,0.04938584056803633
524.136992586,3.4460733204580407,-0.022928832479690575,2.025,0.048332087562961916
524.156992586,3.4385237121365617,-0.022928836300710742,2.027,0.04682354344746507
524.176990985,3.4385237124550816,-0.022928836205230674,2.028,0.04561163204542741
524.196990985,3.4309741039767427,-0.022928839383597577,2.029,0.044251212484980096
524.216990985,3.423424495360012,-0.02292884323987332,2.029,0.04317610627721483
524.236986389,3.4158748862410535,-0.022928846415296134,2.03,0.041839933882995145
524.256986389,3.4083252776475916,-0.022928849580930333,2.03,0.0405341815766069
524.276986389,3.400775668643756,-0.022928852769086294,2.031,0.03916149853079838
524.296983298,3.3932260598200483,-0.022928855909253754,2.032,0.03766774923712445
524.316983298,3.385676450931335,-0.022928859110143307,2.032,0.03678900415247629
524.336983298,3.378126842337873,-0.022928862275777284,2.033,0.035767338438474475
524.356983212,3.370577233218915,-0.022928865451200098,2.033,0.034777297141967416
524.376983212,3.3630276246487214,-0.02292886792619253,2.033,0.033759958414624903
524.396987631,3.355478015621617,-0.02292887180499048,2.033,0.03263436748929171
524.416987631,3.3479284060922843,-0.022928874372519115,2.033,0.031577812305201645
524.436987631,3.3403787970651795,-0.022928878251316842,2.033,0.030764476826029213
524.456989055,3.332829188199735,-0.02292888076156463,2.033,0.029584950290665137
524.476989055,3.325279578670402,-0.022928883329093264,2.032,0.02869039258096891
524.496987484,3.317729969666566,-0.022928886517249447,2.032,0.0279667077895792
524.516988917,3.317729969666566,-0.022928886517249447,2.032,0.026973559123614974
524.536988917,3.3101803606627302,-0.02292888907498858,2.032,0.025740739640215234
524.556988917,3.30263075124852,-0.022928892285667413,2.031,0.024859526323943608
524.576982855,3.2950811423598068,-0.022928894856139914,2.031,0.02408454804523906
524.596982855,3.287531533148994,-0.022928897958604644,2.031,0.023163117405071373
524.616981298,3.2724323152331762,-0.022928904407875095,2.031,0.022222554253896517
524.636981298,3.264882706252609,-0.022928906274973127,2.031,0.0214168663647302
524.656981298,3.2573330972720416,-0.022928909402904596,2.031,0.0204878240064327
524.676985746,3.2497834881530827,-0.0229289119479108,2.031,0.01988931927934568
524.696985746,3.242233879149247,-0.022928915136067207,2.031,0.018949717756354116
524.716990199,3.2346842700070195,-0.022928918371714957,2.031,0.018020435685891276
524.736990199,3.227134661436826,-0.022928921477123998,2.032,0.017204358971855477
524.756990199,3.2195850527282417,-0.022928924630024383,2.032,0.016213797284472708
524.776988656,3.2120354438627974,-0.022928927140272615,2.033,0.014926025539880159
524.796988656,3.2044858309412723,-0.011810132736324253,2.034,0.013950095228877137
524.816988656,3.196936222232688,-0.011810136519641912,2.035,0.01291848329091295
524.836991618,3.1893866132521205,-0.011810138386739721,2.035,0.012086781299766487
524.856991618,3.1818370042250157,-0.011810142265537449,2.035,0.011111519184940508
524.876991585,3.1742873952677173,-0.011810144072410544,2.035,0.010629045972483127
524.896991585,3.166737786263881,-0.011810147260566506,2.035,0.010166907759593054
524.916991585,3.1591881773751678,-0.011810149831039674,2.035,0.009880970009145512
524.936984056,3.1516385680259633,-0.011810152980996191,2.035,0.009622409230273554
524.956984056,3.144088959594162,-0.011810155408496836,2.036,0.009256303209032845
524.976984056,3.136539350885577,-0.011810158561397444,2.037,0.008992292200548346
524.996984032,3.121440133196425,-0.011810164211812912,2.038,0.008680592440850378
525.016984032,3.1138905248982147,-0.011810167342191313,2.039,0.008226019376141805
525.036984013,3.1063409160977757,-0.011810169791717229,2.04,0.007879409543239378
525.056984013,3.098791307504314,-0.011810172957350984,2.041,0.007261512487534308
525.076984013,3.091241698408624,-0.011810175442132476,2.042,0.006704902674768309
525.096979499,3.083692089584916,-0.011810179212716765,2.043,0.005917970280206549
525.116979499,3.0761424807194713,-0.011810181092547722,2.043,0.005426483085742694
525.136979499,3.0685928721492783,-0.011810183567539934,2.044,0.004653421354947915
525.156973489,3.061043262800074,-0.011810186717496673,2.044,0.004360778148358995
525.176973489,3.0459440452260447,-0.01181019238064529,2.045,0.003872461530925713
525.196965984,3.0383944365639968,-0.01181019415226281,2.045,0.0034731374628020383
525.216965984,3.03839443683598,-0.01181019543806583,2.046,0.003062766974566898
525.236961484,3.0308448278554128,-0.011810197305163861,2.047,0.002715081438238585
525.256961484,3.023295218736454,-0.011810200480586674,2.047,0.0023221246724696855
525.276961484,3.015745606026706,-0.0006914060423772739,2.047,0.0019473859966709678
525.296965989,3.008195996884479,-0.0006914092780252457,2.047,0.0017244994923743227
525.316965989,3.000646388042303,-0.0006914117280480969,2.047,0.001849549050103913
525.336965989,2.993096778628093,-0.0006914143083096569,2.046,0.0021923015273139835
525.356962999,2.9855471697859164,-0.0006914154974992925,2.046,0.0028636779324353982
525.376961513,2.9779975605285665,-0.0006914193508305022,2.046,0.003598356674041283
525.396961513,2.9704479512527477,-0.0006914212531838881,2.045,0.004379692020790292
525.416954032,2.962898342248912,-0.0006914244413400716,2.045,0.0051318256929043515
525.436954032,2.9477991246062967,-0.0006914287104722305,2.045,0.00625317714920467
525.456954032,2.940249515602461,-0.000691431898628414,2.046,0.00684915742263237
525.476949556,2.932699906940414,-0.0006914336702461554,2.047,0.0073899044095553906
525.496949556,2.925150298231829,-0.0006914368231467627,2.048,0.007662568746575681
525.516949556,2.9176006894313895,-0.0006914399030892859,2.049,0.007934917328822797
525.536945085,2.9025014720607576,-0.0006914448276078566,2.05,0.008142241299230165
525.556952619,2.8949518598532387,0.010427350820999437,2.052,0.008137765526979283
525.576957158,2.88740225137132,0.010427348466953812,2.053,0.007925925763729663
525.596957158,2.879852642662735,0.010427345314052983,2.055,0.007689323027665422
525.616957158,2.8723030338622957,0.01042734223411046,2.056,0.007281849055882725
525.636951201,2.86475342517698,0.010427339771851174,2.057,0.006995756879888542
525.656951201,2.8572038163998097,0.010427338012966914,2.058,0.006471330970495917
525.676946749,2.849654207691225,0.010427334860066195,2.059,0.0060069547926860384
525.696946749,2.842104599005909,0.010427332397807021,2.059,0.005369568341465139
525.716945302,2.8345549899102185,0.01042732991302564,2.06,0.004821037514587273
525.736945302,2.827005380929651,0.010427327415511223,2.06,0.004008801462070273
525.756945302,2.819455771949084,0.010427324917996583,2.06,0.003569838041593548
525.77694686,2.8119061630836395,0.010427323038165293,2.06,0.0029627860124970037
525.79694686,2.8043565538078203,0.010427321135812129,2.059,0.002357436423933474
525.81694686,2.7892573354363117,0.010427316118260754,2.058,0.0017548864610869399
525.836945423,2.781707726455744,0.010427313620745893,2.057,0.0010755266009496143
525.856945423,2.7741581166776967,0.010427312399245325,2.056,0.0009409518062258753
525.876945423,2.766608507788984,0.01042730982877249,2.056,0.0008894696190082759
525.89693499,2.759058898628288,0.010427307283269238,2.055,0.0008916120121953125
525.91693499,2.7515092896208717,0.010427305549851495,2.055,0.000558789132287775
525.93693964,2.736410071659737,0.010427301185238935,2.056,0.0002516554983460011
525.95693964,2.7288604626791693,0.010427298687724518,2.056,-0.00014590911237630236
525.97693964,2.721310850383376,0.021546092324134403,2.056,-0.0007807192104975426
525.996935222,2.7137612417445975,0.02154609061274171,2.057,-0.001216395962795581
526.016935222,2.7062116329208896,0.021546088102990968,2.058,-0.0018645972830293766
526.036935222,2.698662024235574,0.021546085640731905,2.059,-0.002655269238356583
526.056933809,2.6911124151631522,0.021546083216175127,2.059,-0.0036167503060217706
526.076933809,2.6835628065011043,0.02154608207497455,2.059,-0.004223905328532174
526.096933809,2.676013197202017,0.02154607885156279,2.059,-0.005121551666555023
526.1169279,2.6684635882447183,0.021546077675106745,2.059,-0.0056953324088296125
526.1369279,2.6609139789688996,0.02154607514233664,2.058,-0.00638964338702699
526.156929497,2.6533643696698124,0.02154607254934149,2.056,-0.007232322014110407
526.176929497,2.6458147602371334,0.021546071289641033,2.055,-0.007889698540029128
526.196925098,2.638265151164712,0.02154606949550153,2.055,-0.008555721055000033
526.216925098,2.630715542299267,0.02154606698525352,2.055,-0.009171691812949183
526.236925098,2.6231659332268453,0.021546065821530513,2.055,-0.009520522317089653
526.256929705,2.6156163242230095,0.02154606263337433,2.055,-0.009463259102257192
526.276929705,2.60806671558423,0.021546060921981636,2.055,-0.009204675816541488
526.296929705,2.600517106350149,0.02154605838970869,2.056,-0.008896613713594136
526.316925316,2.5929674979183472,0.02154605659262454,2.057,-0.008646075789634429
526.336925316,2.577868280068755,0.021546053039600443,2.058,-0.008448081170723676
526.356925316,2.5703186713834385,0.02154605057734149,2.059,-0.008297405887588993
526.384928432,2.562769062606268,0.0215460481880404,2.06,-0.008129119634202661
526.396928432,2.555219453510578,0.02154604633367596,2.06,-0.008065412223631852
526.416928432,2.547669841786819,0.03266484199157493,2.061,-0.007976257619366307
526.436921053,2.5401202329213746,0.032664839481327035,2.061,-0.007943416722784636
526.456921053,2.532570624029081,0.03266483773517592,2.061,-0.008084851891020093
526.476921178,2.5250210150717822,0.03266483592830305,2.062,-0.008364766724345626
526.496921178,2.517471406344729,0.032664834095963435,2.062,-0.008665364913802261
526.516921178,2.509921797110647,0.03266483156369049,2.062,-0.008821854620721147
526.536922809,2.5023721881766168,0.03266482981704233,2.061,-0.008984681170474188
526.556922809,2.4948225793111725,0.03266482793721126,2.061,-0.009214265096627417
526.576922809,2.4872729702387506,0.03266482614307131,2.061,-0.009485097943212653
526.596927444,2.4797233612581833,0.032664824275973614,2.062,-0.00967266008691264
526.616927444,2.4721737523008844,0.0326648218386838,2.062,-0.009828942276218899
526.636930584,2.464624143366854,0.03266482135286919,2.062,-0.010039105312325228
526.656930584,2.4570745342478952,0.03266481817744615,2.062,-0.010245171330219455
526.676930584,2.4495249251754734,0.032664817013723146,2.062,-0.010374239596236238
526.696929228,2.4419753163332976,0.032664815194117125,2.062,-0.010385170525025439
526.716929228,2.434425707057479,0.03266481266134702,2.061,-0.010365828439494474
526.736929228,2.4268760981234485,0.03266481154511558,2.06,-0.010183361647687714
526.756924878,2.4193264891196122,0.032664808987376226,2.06,-0.010009732513793756
526.776924878,2.411776880300705,0.032664807858411415,2.061,-0.009914476952693383
526.796926532,2.404227271408412,0.0326648061122603,2.061,-0.009857091692267042
526.816926532,2.3891280534938137,0.032664802498514334,2.062,-0.009922965685719204
526.836926532,2.3815784445782517,0.032664800692138396,2.063,-0.009887276140156536
526.856928191,2.3740288358010817,0.032664798302837306,2.063,-0.009902861176190896
526.876928191,2.366479226958906,0.032664796483231284,2.064,-0.009997686885897835
526.896928191,2.358929617886484,0.03266479531950828,2.064,-0.00995260460194831
526.916940522,2.351380008725788,0.0326647927740048,2.063,-0.00977653166508
526.936940522,2.336280790580944,0.03266478981614207,2.063,-0.009441221685012968
526.956933195,2.3287311817387684,0.03266478799653583,2.063,-0.00932165761983303
526.976933195,2.3211815727814695,0.03266478618966284,2.063,-0.009161629372255554
526.996933195,2.3136319639124445,0.032664785134153274,2.064,-0.009139740187770896
527.016937872,2.3060823551120055,0.03266478268462747,2.065,-0.009138014128977672
527.036937872,2.2985327464732266,0.032664780973234775,2.066,-0.009348172019360126
527.056937872,2.2834335286003657,0.032664777359985964,2.067,-0.00970694675342315
527.076933554,2.275883920141715,0.03266477569658188,2.068,-0.010240466433931839
527.096933554,2.268334310930902,0.03266477322453376,2.069,-0.010765995322880053
527.116933554,2.2607847022688548,0.03266477145291613,2.07,-0.011321488162551439
527.13693524,2.2532350936300753,0.032664770371940155,2.071,-0.012031830691460712
527.15693524,2.245685484442531,0.0326647685905338,2.071,-0.012782636203391535
527.17693524,2.2381358754619636,0.03266476672343588,2.071,-0.013280228373605096
527.196933931,2.23058626673133,0.03266476571541821,2.071,-0.01363886455475702
527.216933931,2.215487048563218,0.03266476206691393,2.072,-0.014164047495746224
527.236931126,2.207937439721042,0.032664760247307356,2.072,-0.01458592725929854
527.256931126,2.2003878305567657,0.032664759156542544,2.072,-0.014937082783216335
527.276931126,2.19283822171459,0.0326647573369363,2.072,-0.015552541772343314
527.296923826,2.185288612642168,0.032664756173213294,2.071,-0.016016300156238988
527.316923826,2.1701893944323194,0.03266475315462858,2.071,-0.016172832887537715
527.336923826,2.1626397853181603,0.032664752620825244,2.07,-0.016251256725102255
527.356922531,2.1550901762457384,0.03266475019626869,2.07,-0.01632203602656114
527.376922531,2.147540567223434,0.03266474895909055,2.069,-0.016352639253686387
527.396922531,2.1399909579708836,0.03266474774737893,2.068,-0.016351023623083917
527.41691674,2.1324413487183334,0.03266474590525037,2.067,-0.016058388430284676
527.43691674,2.1248917397192977,0.03266474535871389,2.066,-0.015704873642400113
527.456915453,2.117342130827004,0.03266474361256266,2.066,-0.015456120402923868
527.476915453,2.1097925219848284,0.03266474242337347,2.067,-0.015318200278110018
527.496917172,2.102242912977412,0.03266474005953868,2.068,-0.015334834979219458
527.516917172,2.094693304085119,0.032664738313387454,2.069,-0.015433432065113344
527.536917172,2.087143695266211,0.032664737184422976,2.069,-0.015592638967784544
527.556908395,2.0795940863971865,0.03266473612891363,2.07,-0.01585647136254077
527.576908395,2.0644948683907343,0.03266473384895907,2.07,-0.016236432438194656
527.596908395,2.056945259613564,0.0326647314596582,2.07,-0.016480699502505854
527.616904122,2.0493956506795334,0.03266473097384337,2.071,-0.016762510344024754
527.636904122,2.0418460417222346,0.032664729166970496,2.071,-0.016902180673136435
527.656899854,2.0342964326498127,0.03266472737283077,2.07,-0.016733800743112107
527.676899854,2.0267468232404027,0.03266472680377164,2.069,-0.016312180246698713
527.696899854,2.0191972141029755,0.03266472557932698,2.067,-0.01596922905957618
527.716900091,2.011647604923811,0.03266472498480155,2.065,-0.015437238997101031
527.736900091,2.004097995491132,0.03266472372510132,2.063,-0.015080505337019184
527.756900091,1.9889987772162774,0.0326647206457944,2.062,-0.014366926378476318
527.776898833,1.9814491681021185,0.032664720111991064,2.061,-0.013408770374667771
527.796898833,1.9738995591680881,0.032664718995759956,2.061,-0.012800095471507004
527.816898833,1.9663499502757948,0.03266471724960873,2.062,-0.012108147989830866
527.83689183,1.9588003411765245,0.03266471621956568,2.063,-0.011757567521836949
527.856907346,1.9512507327178739,0.03266471455616182,2.064,-0.011423259693694572
527.876907881,1.9437011239407034,0.03266471279727756,2.066,-0.01106897125548224
527.896907881,1.9361515148414328,0.03266471176723473,2.067,-0.010876277709986868
527.916907881,1.9286019061793853,0.03266470999561699,2.067,-0.010771827168493352
527.936907881,1.9210522973837463,0.032664709557293836,2.068,-0.010783406431252794
527.956902155,1.9135026882194703,0.032664708466529024,2.068,-0.010853262952947348
527.976902155,1.9059530791470485,0.03266470667238919,2.068,-0.011058597329218512
527.996899433,1.898403470328141,0.03266470617384132,2.068,-0.0114631301162902
528.016899433,1.8908538611405963,0.03266470439243496,2.068,-0.011945118358398014
528.036898216,1.8757546429772842,0.032664702124716505,2.067,-0.012456200852638745
528.056898216,1.868205033928131,0.032664701651635264,2.067,-0.013018139094247897
528.076897004,1.8606554249708323,0.03266469984476217,2.067,-0.013248739142245818
528.096892796,1.8531058160600702,0.0326647000495891,2.067,-0.013727820399557743
528.116892796,1.8455562054875398,0.04378349494973921,2.067,-0.014182915117833974
528.136892796,1.8304569875276249,0.04378349342065113,2.068,-0.014543981060871456
528.156896093,1.8229073787504544,0.04378349166176687,2.069,-0.014653541741750889
528.176896093,1.8153577698396925,0.043783491236177086,2.069,-0.014578319527101475
528.1969027,1.8078081607672707,0.04378348944203736,2.069,-0.014256419856900075
528.216904511,1.800258551768235,0.043783488895500766,2.068,-0.013696022227628186
528.236904511,1.7927089427190817,0.043783488422419525,2.068,-0.013071268917430665
528.256900326,1.785159333785051,0.043783487306187974,2.067,-0.01265944697403839
528.276900326,1.7776097246708924,0.04378348677238453,2.067,-0.01216689020810368
528.296900326,1.7700601157368618,0.04378348502573637,2.067,-0.011807548733797833
528.316899145,1.762510506687709,0.04378348455265524,2.066,-0.011384989846845946
528.336899145,1.7474112886812565,0.04378348227270068,2.067,-0.011212522609284228
528.356899145,1.7398616797704947,0.043783481847111116,2.067,-0.010946254902248606
528.376902469,1.7323120707213415,0.0437834807436126,2.067,-0.01076281116752359
528.396910297,1.7247624620825626,0.04378347966263674,2.067,-0.010407275009934056
528.416919966,1.7172128542298861,0.03266468064271211,2.068,-0.009651319843497937
528.436923652,1.7096632454759841,0.0326646795744695,2.069,-0.00852833552104672
528.456928501,1.702113636426831,0.03266467910138815,2.069,-0.007636661196728427
528.476928501,1.6945640275160692,0.032664678045381534,2.069,-0.00700162005636065
528.496920212,1.6794648095328855,0.03266467645606874,2.069,-0.006335165409103614
528.516922074,1.671915200395458,0.03266467523162375,2.068,-0.006072576039894361
528.536922074,1.6643655912812994,0.032664674697820306,2.067,-0.0056893693971043656
528.55692581,1.656815982305532,0.03266467421150876,2.065,-0.005073557456950354
528.576930684,1.6492663729879762,0.03266467293907527,2.064,-0.004205422098215448
528.596930684,1.6417167639620913,0.03266467315663535,2.064,-0.0036320049122714726
528.616930684,1.6341671551431838,0.03266467202767065,2.064,-0.003120418736319321
528.636934061,1.626617546067182,0.032664671057852535,2.064,-0.0028046388872369162
528.656934061,1.6190679372250059,0.03266466986866301,2.065,-0.002511164077437496
528.676934061,1.6115183282641268,0.03266466888611175,2.065,-0.0022614945446434494
528.696926943,1.59641911016582,0.0326646673095321,2.066,-0.0021007100032135587
528.716926943,1.5888695011816725,0.03266466626675568,2.066,-0.001991501767187885
528.736934829,1.5813198922709106,0.03266466584116612,2.067,-0.0018791151557404177
528.756934829,1.5737702834752716,0.032664665402843185,2.067,-0.0017530835559940205
528.776934829,1.5662206732296415,0.04378346221577145,2.067,-0.0015908342170647379
528.796933719,1.5586710643457282,0.04378346165650149,2.066,-0.0013370985263863083
528.816933719,1.5511214552315695,0.04378346049228177,2.065,-0.0008277069322781012
528.836933719,1.5435718462056847,0.043783460709841626,2.065,-8.418656670496018e-05
528.856929613,1.5360222370682575,0.04378345885497992,2.064,0.0005987335830234045
528.876929613,1.5284726281574956,0.04378345905980707,2.064,0.0011947638130558134
528.896933011,1.513373410262586,0.04378345759144109,2.064,0.0014861124972190972
528.916933011,1.5058238013518241,0.04378345716585119,2.065,0.001812026132941289
528.936933011,1.4982741924410623,0.043783456740261406,2.065,0.002094147852231296
528.956933011,1.4907245835720375,0.04378345568475206,2.066,0.0021945710218190316
528.976933412,1.4831749747030127,0.04378345462924238,2.067,0.0022553481644317303
528.996933412,1.4756253656270109,0.043783453659424376,2.068,0.0021672808473473075
529.016929318,1.4680757567579859,0.043783453234331526,2.069,0.0020435205258725895
529.036929318,1.4605261477971068,0.043783452251780264,2.07,0.0018065324497128373
529.056929318,1.4529765389513507,0.04378345188691246,2.07,0.0014238857416283526
529.076892227,1.4454269300405886,0.043783451461322676,2.071,0.0010782478056809578
529.096892227,1.4303277118772766,0.04378345045443799,2.07,0.0005900774272065449
529.116892227,1.422778103016632,0.04378344995539307,2.069,0.00013530926491213567
529.136891141,1.4152284937873505,0.043783448803906055,2.068,-0.00029362821186286757
529.156891141,1.40767888469646,0.043783448960744376,2.067,-0.0006255004539553331
529.176887059,1.4001292758358155,0.04378344909211618,2.066,-0.0009275843337831861
529.196887059,1.3925796668367794,0.04378344791516264,2.065,-0.0012180266337826482
529.216893907,1.3850300576307661,0.04378344808473411,2.064,-0.001499983739560429
529.236893907,1.3774804487200045,0.04378344765914455,2.063,-0.002028021061379192
529.256901838,1.3699308405720767,0.032664649864798,2.063,-0.0023943619140015613
529.276901838,1.3548316224051846,0.032664649051817984,2.062,-0.0028814434353347414
529.296908711,1.3472820135212713,0.032664648492548354,2.062,-0.0033327035329073955
529.316907654,1.3397324043802636,0.032664648092424975,2.062,-0.0038716003845518177
529.336912601,1.3321827954462333,0.032664646976193645,2.062,-0.004101118995995124
529.356917552,1.3246331865354715,0.03266464655060386,2.062,-0.004331251275122646
529.376917552,1.3095339684604337,0.03266464566466576,2.062,-0.004457985136870406
529.396917552,1.3019843594578173,0.03266464594245089,2.062,-0.004661330864710745
529.416919506,1.2944347503436586,0.03266464540864744,2.061,-0.004737875087465382
529.436919506,1.2868851414561653,0.03266464567369942,2.061,-0.004857546574460202
529.456919506,1.2793355324571292,0.03266464449674611,2.06,-0.004996736761935138
529.476912465,1.2717859229255049,0.04378344192391659,2.06,-0.005028519416922231
529.496912465,1.2642363140147428,0.043783442128743744,2.06,-0.005088131029607824
529.516912465,1.2566867050389754,0.043783441642431975,2.059,-0.005076962142894072
529.536914893,1.249137095989822,0.04378344116935051,2.059,-0.0050706769781654806
529.556914893,1.2415874870790602,0.043783440743760726,2.059,-0.0051408154820236675
529.576914893,1.2340378779613213,0.043783441034279225,2.059,-0.005073636288956689
529.596910863,1.2264882691656822,0.04378344059595596,2.058,-0.004950070491822978
529.616910863,1.218938660116529,0.043783440122874606,2.058,-0.004499912904851674
529.636906837,1.2113890509755214,0.043783439722751005,2.059,-0.003984237101922022
529.656906837,1.1962898332190033,0.04378343893229364,2.06,-0.0036410007386708035
529.676906837,1.1887402242581242,0.04378343858015887,2.061,-0.003439927652165445
529.696907315,1.181190615500642,0.0437834383362381,2.062,-0.0032456946933139596
529.716909297,1.1736410064514886,0.043783437232739586,2.063,-0.003103776996501444
529.736909297,1.1660913976742493,0.032664639769419246,2.063,-0.0030345459372183286
529.756903783,1.158541788698482,0.03266463991352442,2.063,-0.00315110682375334
529.776903783,1.1509921798145688,0.032664639354254676,2.062,-0.003234901262031174
529.796907273,1.143442570631824,0.0326646402144678,2.061,-0.003065810501519117
529.816907273,1.1358929617711795,0.03266463971542288,2.059,-0.0026106779456670512
529.836907273,1.1283433527304063,0.03266463979880585,2.058,-0.0017420600738354659
529.856909266,1.1207937432990165,0.0437834377094829,2.056,-0.0004803636449147825
529.876917263,1.113244134438372,0.04378343721043787,2.055,0.001174958799621758
529.896917263,1.0981449164367196,0.04378343694168618,2.053,0.0035305905335446613
529.916919265,1.0905953074609522,0.043783437085791466,2.052,0.00574327434598989
529.936919265,1.0830456987386992,0.043783437895071664,2.052,0.007791619220659882
529.956919265,1.0754960895976915,0.043783437494948396,2.052,0.009135309691913734
529.976912269,1.0679464805216894,0.04378343715554689,2.053,0.010543976154602487
529.996920278,1.0603968717493188,0.04378343740786561,2.053,0.011703206649558213
530.016920278,1.052847262673317,0.043783437068464104,2.054,0.012318541557152186
530.03691629,1.0452976537357064,0.043783436776554385,2.055,0.013044587280884147
530.05691629,1.03774804488995,0.04378343704210341,2.056,0.014035324783779089
530.076912306,1.030198435813948,0.043783436702701795,2.057,0.015012532340587735
530.096912306,1.0226488269914604,0.043783436398058706,2.058,0.016442490895211367
530.116912306,1.0150992179655756,0.04378343598520229,2.058,0.017288234686389563
530.136909826,1.007549608939691,0.04378343620276237,2.058,0.018032721995794174
530.156909826,1.0000000000521976,0.04378343646781435,2.057,0.018439528841537697
530.176909826,0.9924503909845758,0.0437834366848775,2.057,0.018957566893667312
530.196908849,0.9849007819354225,0.043783436211796034,2.056,0.01980413264925757
530.216908849,0.9698015640721618,0.043783436620952965,2.056,0.020671321372064032
530.236908849,0.9622519551846684,0.04378343688600472,2.056,0.021638364957489706
530.256904877,0.9547023462237892,0.04378343653387029,2.057,0.022389950378427576
530.276904877,0.9471527370827817,0.0437834361337468,2.057,0.022919512873674743
530.296903908,0.9396031282602939,0.04378343645952043,2.058,0.023985983586978336
530.316903908,0.9320535193226833,0.04378343679802754,2.059,0.025024288342205745
530.336903908,0.9245039103618042,0.04378343644589289,2.06,0.026904880772867786
530.356899943,0.9169543013090706,0.043783436166716316,2.06,0.02874355683435096
530.376899943,0.9018550833956926,0.04378343664932838,2.061,0.03063783100963545
530.396903481,0.8943054743196905,0.04378343630992687,2.062,0.03265216217103441
530.416903481,0.8867558653820801,0.04378343601801715,2.063,0.03475083660303276
530.436903481,0.8792062564444694,0.04378343635652426,2.064,0.036431698727379155
530.45690157,0.8716566474418532,0.04378343663430928,2.064,0.03924574749533578
530.476900619,0.864107038230971,0.0326646390882418,2.064,0.041821221608218107
530.496899673,0.8565574291400807,0.03266463924508001,2.063,0.04393097546280722
530.51690473,0.8490078203027047,0.032664640067093575,2.062,0.046457980832953265
530.53690473,0.841458211400323,0.03266464082838472,2.06,0.04891179085979626
530.55690473,0.826358993283548,0.03266464057236662,2.058,0.0512507825411331
530.576909792,0.8188093845195576,0.03266464201156649,2.057,0.05355049148307641
530.596909792,0.8112597754286675,0.03266464153798787,2.056,0.055804148236670986
530.616902856,0.8037101665912914,0.03266464236000144,2.055,0.05838726233086358
530.636902856,0.7961605575886751,0.03266464263778657,2.055,0.059854516679310604
530.656902856,0.7886109485126731,0.03266464229838517,2.056,0.06160365518748243
530.676897425,0.781061339598331,0.032664643327533605,2.057,0.06239606564568427
530.696897425,0.773511730725726,0.03266464309634565,2.058,0.0630006905009045
530.716893497,0.7584125125319849,0.03266464304746264,2.06,0.0631681335783044
530.736893497,0.7508629035711057,0.032664642695328094,2.061,0.06312156684483892
530.756893497,0.743313294426518,0.032664643749943045,2.062,0.06289749527270198
530.776886573,0.7357636854387901,0.03266464353148846,2.063,0.06263794592810693
530.796886573,0.728214076362788,0.03266464319208717,2.064,0.06274127199597379
530.816888652,0.7206644674985633,0.032664644147780475,2.065,0.06313576044885079
530.836888652,0.7131148583307069,0.03266464451175399,2.066,0.06412732273874112
530.856888652,0.7055652492779734,0.03266464486299403,2.066,0.0650844685923764
530.876878736,0.69801564039048,0.03266464512804601,2.067,0.06659323884972865
530.896878736,0.6904660313645954,0.03266464471518937,2.067,0.06832215080432705
530.916878736,0.6753668133593629,0.03266464590117635,2.066,0.07039408343762042
530.936871823,0.667817204406864,0.03266464673592284,2.066,0.0720655723911659
530.956871823,0.6602675954543651,0.03266464757066956,2.065,0.07333826359472376
530.976871823,0.6527179866402575,0.03266464845290795,2.064,0.07442949129451946
530.996870914,0.6451683776376413,0.03266464873069308,2.063,0.0748061660972957
531.016867009,0.6376187685700194,0.032664649578172944,2.063,0.07500863034678935
531.036867009,0.6300691597093748,0.03266464907912803,2.062,0.07511985017590468
531.056867009,0.6225195507067587,0.03266464998732965,2.062,0.07492376963733999
531.076869108,0.6149699417041425,0.03266465026511478,2.062,0.07443257832669242
531.096869108,0.6074203326746775,0.032664651306996584,2.063,0.0737438947991192
531.116869108,0.5923211144540877,0.03266465139179364,2.064,0.07287340496352507
531.136865211,0.584771505351237,0.0326646518164887,2.067,0.07187663995241234
531.156865817,0.5772218963635091,0.03266465159803411,2.069,0.07101112852884578
531.176865817,0.5696722871455354,0.03266465203546265,2.071,0.06995391189967956
531.196865817,0.5621226781160704,0.032664652446927844,2.072,0.06909669508866106
531.216864928,0.5545730692518457,0.0326646540330382,2.072,0.06891690163707989
531.236864928,0.5470234592351035,0.021545855945686143,2.072,0.06892697553657653
531.256864928,0.5394738503708787,0.02154585690137989,2.072,0.06889795263942564
531.276864042,0.5319242414183798,0.021545857105709665,2.071,0.06858886752233842
531.296864042,0.5243746324658808,0.02154585794045638,2.07,0.06824153162690923
531.316864042,0.516825023398259,0.021545858787936245,2.069,0.06773937623571971
531.336857161,0.5092754146110001,0.02154585953649435,2.067,0.06697851405962081
531.356857161,0.5017258056817697,0.02154586043146578,2.066,0.06634320483287914
531.376853283,0.494176196894511,0.021545861180024328,2.064,0.06577423999399555
531.396853283,0.4866265881072521,0.021545861928582544,2.062,0.06502488317904288
531.416853283,0.47907697908974756,0.021545863333024107,2.06,0.06452257808886357
531.436849409,0.4715273704408802,0.021545864759490496,2.058,0.06444944898622978
531.456849409,0.4639777614651127,0.02154586490359578,2.056,0.06449048183087111
531.476849409,0.44887854355653467,0.02154586676699366,2.056,0.06472449607202468
531.496848539,0.4413289344387956,0.021545867687928988,2.056,0.06567988445387
531.516848539,0.43377932550118503,0.021545868026435766,2.057,0.06708047014419512
531.536841674,0.4262297163565971,0.02154586845063411,2.058,0.06898711882649332
531.556841674,0.41868010713862347,0.021545868888062647,2.059,0.07103133818749817
531.576848954,0.4111304982242814,0.021545869286794472,2.06,0.0731149561553065
531.5968481,0.40358088924493374,0.021545870885637974,2.061,0.07454875718298036
531.6168481,0.3960312801039261,0.021545870485514595,2.061,0.0764298853859252
531.63685325,0.3884816711746957,0.021545872010902967,2.06,0.07731747878026193
531.65685325,0.38093206231047083,0.02154587296659638,2.06,0.0780775694009368
531.67685325,0.3733824531044577,0.02154587313616796,2.059,0.0784338397706642
531.696852404,0.3582832354261254,0.021545874974099544,2.058,0.07872570976420563
531.716861889,0.3507336264968949,0.021545876499487915,2.057,0.07905708939961405
531.736861889,0.3431840176827874,0.021545878012142805,2.056,0.07937511864122787
531.756861889,0.33563440889552854,0.02154587876070102,2.054,0.07948826263198239
531.776861058,0.3280847997360524,0.02154587968113908,2.052,0.07922535607669243
531.796861058,0.3205351911790393,0.021545880404230777,2.051,0.07878276803025462
531.816855731,0.31298558241504915,0.021545881843430648,2.049,0.0778291248796895
531.836855731,0.3054359720112012,0.010427085685031812,2.048,0.07681736631542108
531.856866088,0.2978863633354851,0.010427087875595431,2.047,0.07591146372590599
531.876866772,0.2827871454304871,0.010427089545088641,2.045,0.07466543046985993
531.896866772,0.2752375366163796,0.010427090427326813,2.044,0.07303395789581107
531.916866772,0.267687927802272,0.010427091939982036,2.043,0.07184108712491552
531.936864459,0.26013831868453297,0.010427092230500201,2.043,0.06990810886727716
531.956864459,0.25258870962821933,0.010427093406062071,2.045,0.0684924866048668
531.976864459,0.24503910026827402,0.010427093989903935,2.048,0.06649500097679728
531.996857651,0.2374894906548145,0.010427093908570662,2.051,0.06517048301431246
532.016857651,0.22993988157523237,0.010427095023907484,2.053,0.06305230199788568
532.036857651,0.2148406631208165,0.01042709658890928,2.056,0.061283524188352145
532.056852346,0.20729105392611147,0.010427097086562531,2.057,0.059611975372250395
532.076852346,0.19974144478152356,0.010427098141177704,2.059,0.05796776411690937
532.096852346,0.19219183580217591,0.010427099740021317,2.059,0.05664021373287174
532.116848545,0.18464222693795107,0.0104271000652979,2.059,0.05552276004756045
532.136848545,0.17709261800872067,0.01042710159068616,2.058,0.05498357392864992
532.156848545,0.16954300907949027,0.010427103116074421,2.057,0.05473751753199184
532.176844747,0.1619934003154999,0.010427104555274291,2.055,0.05478927544134733
532.196844747,0.1544437913862695,0.010427105450245722,2.054,0.05475333410610273
532.216845453,0.14689418254889353,0.010427106272259179,2.053,0.05441046411894917
532.236845453,0.13934457373478581,0.01042710778491407,2.052,0.054082862217444294
532.256845453,0.13179496469043261,0.0104271093230357,2.051,0.05333178473265204
532.276838664,0.12424535582620788,0.010427110278729224,2.051,0.052714891916784454
532.296838664,0.11669574684686013,0.010427111247155896,2.051,0.05169726949739499
532.316838664,0.10159652877304182,0.010427113196742277,2.05,0.05074123389159929
532.336834877,0.09404691979369417,0.010427114795585779,2.05,0.04966259802950204
532.356834877,0.08649731081434653,0.01042711576401234,2.051,0.04843480942910883
532.376840095,0.07894770183499888,0.010427117362855842,2.051,0.047053668916124475
532.396840095,0.07139809287891974,0.01042711839150745,2.051,0.045942198749748
532.416840095,0.06384848364605766,0.010427119325175593,2.051,0.04462713005854006
532.436839317,0.05629887480510143,0.010427120971510662,2.051,0.04337869717664968
532.456839317,0.048749265802485287,0.010427121879712509,2.05,0.04219237854040371
532.476839317,0.04119965684640614,0.010427122908363895,2.05,0.040852266152170115
532.496837042,0.033650047751935475,0.010427124519940767,2.051,0.03987226076276203
532.516837042,0.026100438607347676,0.010427125574555607,2.052,0.0385450733220177
532.536837042,0.01855082932078833,0.010427126775583884,2.053,0.03767583607777006
532.556833271,0.011001220176200421,0.010427127830198946,2.054,0.036384557077493836
532.576833271,0.003451611173584168,0.010427128107984074,2.055,0.03537180843164905
532.596831004,-0.004097997897617889,0.01042712977978566,2.055,0.034556841421825614
532.616831004,-0.011647606853697035,0.010427132069270595,2.055,0.033361389563479796
532.636831004,-0.019197215856313177,0.010427132347055723,2.054,0.03235804158459226
532.656834741,-0.02674682476227508,0.010427134563085527,2.054,0.03137173792907628
532.676834741,-0.03429643357638268,0.01042713544532392,2.053,0.030364926868455946
532.696834741,-0.03429643357638268,0.01042713544532392,2.052,0.0294344801723788
532.716836981,-0.04184604225209876,0.010427137635886985,2.052,0.02811006283364201
532.736836981,-0.04939565131972068,0.01042713848336696,2.051,0.027174443640772223
532.756830226,-0.05694526013740853,0.010427140189926964,2.051,0.025810863324670502
532.776830226,-0.0644948689747844,0.010427141011940533,2.05,0.02471637121329379
532.796830226,-0.07204447804598657,0.010427143314158616,2.049,0.023620209852801263
532.816821974,-0.07204447788074653,0.010427143227970337,2.049,0.022302966242146012
532.836821974,-0.0795940866948539,0.010427144740625116,2.048,0.02144142219845899
532.856819726,-0.087143695485693,0.010427146313505053,2.047,0.020425179484737044
532.876819726,-0.0946933044381919,0.01042714714825177,2.046,0.01967586087366724
532.896819726,-0.09469330424968314,0.010427147752705035,2.045,0.018764465093756264
532.916821982,-0.10224291120206774,0.021545945650610965,2.045,0.017650989816734762
532.936827241,-0.10979251978592952,0.02154594713779967,2.044,0.01683958152369616
532.956831005,-0.10979251978592952,0.02154594713779967,2.044,0.01576771505493112
532.976831005,-0.11734212885713147,0.021545948809601034,2.044,0.01524362434838706
532.996831005,-0.12489173772135631,0.021545950395711277,2.044,0.015058606385351751
533.016833272,-0.12489173767123907,0.021545950322256147,2.043,0.01573337850247157
533.036833272,-0.1324413466273182,0.021545951981324585,2.043,0.0165434512644106
533.056833272,-0.13244134660046947,0.021545951847644407,2.042,0.01751103164737022
533.076834043,-0.13999095516106275,0.021545953395057826,2.041,0.017916050973887838
533.096834043,-0.13999095516106275,0.021545953395057826,2.041,0.0182955548149521
533.116824317,-0.13999095516106275,0.021545953395057826,2.04,0.01854705666785257
533.136824317,-0.14754056409029337,0.021545954920446087,2.04,0.01893731819277426
533.156824317,-0.14754056409029337,0.021545954920446087,2.039,0.01981843368740294
533.176825095,-0.15509017299625505,0.021545957136476,2.039,0.02116155462383201
533.196825095,-0.15509017299625505,0.021545957136476,2.039,0.022343757508841544
533.216825095,-0.15509017299625505,0.021545957136476,2.039,0.022711824664666574
533.236830377,-0.1626397818604799,0.021545958092169193,2.039,0.022743017892841562
533.256830377,-0.1626397818604799,0.021545958092169193,2.039,0.02249991374212983
533.276829663,-0.1701893909817993,0.02154595983742591,2.039,0.022014910548890144
533.296829663,-0.1701893909817993,0.02154595983742591,2.039,0.02116348249767904
533.316831953,-0.1701893909817993,0.02154595983742591,2.039,0.020355455264069768
533.336831953,-0.17773900005300125,0.021545961509227718,2.039,0.019944114313983997
533.356831953,-0.17773900005300125,0.021545961509227718,2.039,0.020419241026185968
533.376834246,-0.17773900005300125,0.021545961509227718,2.039,0.02125006753758725
533.396834246,-0.18528860875198605,0.02154596300914946,2.039,0.022425076084572587
533.416830542,-0.18528860875198605,0.02154596300914946,2.039,0.023344398911554296
533.436841146,-0.18528860858674578,0.02154596292296096,2.038,0.023951001530610472
533.456841146,-0.19283821740085338,0.021545964435616183,2.037,0.024515844199460596
533.476834454,-0.19283821740085338,0.021545964435616183,2.036,0.02501031010370147
533.496834454,-0.19283821721234462,0.021545965040069226,2.036,0.025297324145344878
533.516834454,-0.20038782602645222,0.021545966552724116,2.035,0.025537809174846708
533.536836765,-0.20038782602645222,0.021545966552724116,2.035,0.025591410860292117
533.556836765,-0.20038782602645222,0.021545966552724116,2.035,0.025553824063955993
533.576842079,-0.20793743503264883,0.021545968285247685,2.036,0.025534145912807647
533.596842079,-0.20793743503264883,0.021545968285247685,2.036,0.02539236082138175
533.616842079,-0.20793743533628017,0.02154596769352779,2.037,0.025169593674210636
533.636841397,-0.21548704429235954,0.021545968722179176,2.037,0.024983346279697883
533.656841397,-0.21548704429235954,0.021545968722179176,2.037,0.024664485492539325
533.676841397,-0.22303665308319842,0.021545970925475832,2.036,0.02440099335245017
533.696846719,-0.22303665289468966,0.021545971529928876,2.035,0.024321083948093673
533.716846719,-0.23058626159367446,0.02154597302985084,2.034,0.02424161246715107
533.736852043,-0.2305862615668257,0.021545972896170995,2.033,0.024007722195075288
533.756852043,-0.23058626128646287,0.021545972797249124,2.032,0.023818626643607108
533.776846872,-0.238135870127419,0.021545975074001134,2.032,0.02350039689473147
533.796846872,-0.238135870127419,0.021545975074001134,2.031,0.02323235591392301
533.816849203,-0.23813586996217895,0.021545974987812633,2.031,0.022839545767179156
533.836849203,-0.2456854790333809,0.02154597665961422,2.03,0.022566616237826735
533.856849203,-0.2456854790333809,0.02154597665961422,2.03,0.02207894934034121
533.876854538,-0.2456854790333809,0.02154597665961422,2.031,0.021832882547995442
533.896862877,-0.25323508785106874,0.02154597899659083,2.031,0.021384442696769843
533.916871218,-0.25323508785106874,0.02154597899659083,2.031,0.021056451624841273
533.936870563,-0.25323508785106874,0.02154597899659083,2.031,0.020812461048075267
533.956870563,-0.26078469668844484,0.021545979818604177,2.03,0.020454203687345702
533.976870761,-0.26078469668844484,0.021545979818604177,2.03,0.020090450443096524
533.996870761,-0.2607846964999361,0.021545980423057443,2.029,0.01986679127749192
534.016870761,-0.2607846964999361,0.021545980423057443,2.029,0.019485584397664173
534.036873115,-0.2683343053140437,0.021545981935712444,2.028,0.01913105407530098
534.056873115,-0.2683343051255349,0.02154598254016593,2.027,0.018681882315669973
534.076883832,-0.2683343051255349,0.02154598254016593,2.026,0.018223340174893816
534.096883832,-0.26833430500683186,0.02154598170311084,2.026,0.01781017678731099
534.116880195,-0.2683343048183233,0.021545982307564104,2.025,0.017443770411338495
534.136880195,-0.2683343048183233,0.021545982307564104,2.025,0.016989338857016395
534.164879562,-0.27588391368254817,0.02154598389367446,2.024,0.016126677523820097
534.196879562,-0.27588391368254817,0.02154598389367446,2.025,0.015545377590921393
534.224875931,-0.2758839139396425,0.02154598405282082,2.026,0.014981902426420215
534.256866303,-0.27588391398975975,0.021545983495859122,2.027,0.013969165612769138
534.284866303,-0.2758839142701228,0.02154598359478077,2.028,0.012820225556031673
534.316865678,-0.27588391473899443,0.021545982458832436,2.029,0.012103899599403875
534.364862056,-0.27588391473899443,0.021545982458832436,2.03,0.01097153587384702
534.416865937,-0.27588391473899443,0.021545982458832436,2.03,0.00964685630832128
534.444865937,-0.2758839145504859,0.02154598369370242,2.029,0.009157609977661187
534.476868321,-0.2758839142701228,0.02154598359478077,2.028,0.008348984392831415
534.504868321,-0.2758839142701228,0.02154598359478077,2.028,0.007672492976196921
534.536867709,-0.2834335228307161,0.02154598577261102,2.027,0.007136107856896893
534.556867709,-0.28343352266547606,0.02154598568642252,2.026,0.006696962020737655
534.584873099,-0.28343352266547606,0.02154598568642252,2.025,0.005918022766509898
534.616873099,-0.28343352266547606,0.02154598568642252,2.026,0.0054463685385381915
534.644875493,-0.28343352266547606,0.02154598568642252,2.026,0.005830758390938932
534.676877889,-0.2834335228307161,0.02154598577261102,2.027,0.00751997412790254
534.704877889,-0.28343352313434766,0.021545984550474295,2.028,0.012399365872168711
534.736872788,-0.2909831322323986,0.021545986986372556,2.029,0.01620678060510579
534.764872788,-0.2909831322323986,0.021545986986372556,2.029,0.025710635235853655
534.79687519,-0.2909831325127614,0.021545987085293983,2.03,0.03125072918515028
534.81687519,-0.2909831326780017,0.021545986541065654,2.03,0.034413451150670536
534.836874595,-0.2909831326780017,0.021545986541065654,2.031,0.039295643737268716
534.856874595,-0.2909831326780017,0.021545986541065654,2.031,0.04380901650930452
534.884869504,-0.2985327416573491,0.021545988139909156,2.031,0.048629092523674394
534.904869504,-0.29853274149210907,0.021545988053720877,2.03,0.05336444538487454
534.924868914,-0.2985327411884775,0.021545988645440772,2.029,0.060367929754461716
534.944868914,-0.2985327411884775,0.021545988645440772,2.029,0.060367929754461716
534.976856328,-0.2985327411884775,0.021545988645440772,2.028,0.06602838175912334
535.016856328,-0.2985327411884775,0.021545988645440772,2.029,0.06965382104558955
535.056861745,-0.29853274149210907,0.021545988053720877,2.03,0.07110698613441083
535.096865665,-0.2985327419377124,0.021545987608413975,2.031,0.07134388470273502
535.184869588,-0.2985327416573491,0.021545988139909156,2.03,0.0694374086497537
535.204872014,-0.2985327411884775,0.021545988645440772,2.029,0.06867479825718795
535.224872014,-0.2985327408812659,0.021545989043255998,2.027,0.0681201368299692
535.256868443,-0.29853274071602565,0.021545988957067497,2.026,0.06896778271495985
535.324877246,-0.2985327408812659,0.021545989043255998,2.027,0.08103651131875972
535.376872186,-0.2985327408812659,0.021545989043255998,2.026,0.08851604348494338
535.404872186,-0.29853274116162876,0.021545988511760816,2.027,0.09441014380836628
535.424872186,-0.2985327411884775,0.021545988645440772,2.029,0.09596307748834636
535.444864129,-0.29853274149210907,0.021545988053720877,2.03,0.09596307748834636
535.464864129,-0.2985327416573491,0.021545988139909156,2.031,0.0977527034698158
535.496859075,-0.2985327419377124,0.021545987608413975,2.032,0.09941074878449953
535.524859075,-0.2985327416573491,0.021545988139909156,2.031,0.09984426122439108
535.556858524,-0.2909831326780017,0.021545986541065654,2.031,0.10177265599831373
535.584863975,-0.2909831325127614,0.021545987085293983,2.03,0.10528597909916325
535.616863975,-0.2909831322323986,0.021545986986372556,2.029,0.10653442801453639
535.64486343,-0.29098313220554983,0.021545986852692378,2.028,0.10766255368947546
535.704865887,-0.29098313192518654,0.02154598675377095,2.027,0.10760822435504291
535.76486481,-0.2909831317599465,0.02154598666758223,2.026,0.10882742950464024
