Time,X Position,Y Position,Z Position
127.229430394,-0.16263978399445156,0.032664752491121996,1.997
127.229430394,-0.1626397838059428,0.03266475309557504,1.996
127.229430394,-0.17018939295053048,0.03266475415019021,1.996
127.229430394,-0.17018939309250225,0.03266475429660354,1.998
127.229430394,-0.16263978430166315,0.03266475209330677,1.999
127.229430394,-0.16263978413642288,0.03266475326795182,1.998
127.229430394,-0.16263978399445156,0.032664752491121996,1.997
127.229430394,-0.1626397838059428,0.03266475309557504,1.996
127.229430394,-0.16263978399445156,0.032664752491121996,1.996
127.229430394,-0.16263978399445156,0.032664752491121996,1.997
127.229430394,-0.16263978399445156,0.032664752491121996,1.997
127.229430394,-0.16263978399445156,0.032664752491121996,1.996
127.229430394,-0.1626397838059428,0.03266475309557504,1.996
127.229430394,-0.1626397838059428,0.03266475309557504,1.996
127.229430394,-0.15509017513022672,0.032664750905011974,1.997
127.229430394,-0.15509017513022672,0.032664750905011974,1.997
127.229430394,-0.15509017527219804,0.0326647516818418,1.997
127.229430394,-0.15509017527219804,0.0326647516818418,1.998
127.229430394,-0.15509017746082154,0.02154595275339577,1.998
127.229430394,-0.15509017757952437,0.02154595359045053,1.998
127.229430394,-0.15509017757952437,0.02154595359045053,1.998
127.229430394,-0.1475405660858733,0.03266474999730706,1.998
127.229430394,-0.1475405660858733,0.03266474999730706,1.998
127.229430394,-0.14754056636623636,0.03266474946581199,1.998
127.229430394,-0.14754056636623636,0.03266474946581199,1.999
127.229430394,-0.14754056636623636,0.03266474946581199,1.999
127.229430394,-0.1399909574101572,0.03266474780674378,1.999
127.229430394,-0.1399909574101572,0.03266474780674378,1.999
127.229430394,-0.1399909574101572,0.03266474780674378,1.999
127.229430394,-0.1399909574101572,0.03266474780674378,1.999
127.229430394,-0.13244134854593237,0.03266474685105003,1.999
127.229430394,-0.13244134854593237,0.03266474685105003,1.999
127.229430394,-0.13244134854593237,0.03266474685105003,1.999
127.229430394,-0.12489173950157895,0.03266474531292862,2.0
127.229430394,-0.12489173950157895,0.03266474531292862,2.0
127.229430394,-0.11734213082586287,0.03266474375278228,2.001
127.229430394,-0.11734213099110291,0.03266474320855384,2.002
127.229430394,-0.10979252194674971,0.032664741670432096,2.003
127.229430394,-0.10979252194674971,0.032664741670432096,2.003
127.229430394,-0.10979252194674971,0.032664741670432096,2.003
127.229430394,-0.10224291310579336,0.03266474065451408,2.003
127.229430394,-0.09469330412644572,0.032664739055670466,2.003
127.229430394,-0.09469330412644572,0.032664739055670466,2.002
127.229430394,-0.08714369489000351,0.032664737297680824,2.002
127.229430394,-0.08714369489000351,0.032664737297680824,2.001
127.229430394,-0.07959408574541582,0.03266473687348248,2.001
127.229430394,-0.07959408558017556,0.03266473678729398,2.0
127.229430394,-0.07204447673921921,0.03266473451054219,2.0
127.229430394,-0.06449486764474877,0.03266473352938215,1.999
127.229430394,-0.0644948673643857,0.03266473406087744,1.999
127.229430394,-0.056945258523429354,0.032664732414542486,1.999
127.229430394,-0.04939564965920451,0.03266473082843213,1.999
127.229430394,-0.04939564965920451,0.03266473082843213,1.999
127.229430394,-0.041846040449611266,0.03266472983453905,1.999
127.229430394,-0.03429643158538642,0.03266472824842892,1.999
127.229430394,-0.026746822744430077,0.03266472723251068,1.999
127.229430394,-0.026746822771278822,0.03266472736619053,1.999
127.229430394,-0.019197213700076876,0.032664725694389274,2.0
127.229430394,-0.01164760472072901,0.03266472472596238,2.0
127.229430394,-0.01164760472072901,0.03266472472596238,1.999
127.229430394,-0.004097995856504166,0.03266472313985236,1.999
127.229430394,0.003451613329820691,0.0326647214553174,1.999
127.229430394,0.011001222309168224,0.03266472048689095,1.999
127.229430394,0.018550831173393068,0.03266471953119743,1.999
127.229430394,0.018550831173393068,0.03266471953119743,1.999
127.229430394,0.026100440129472435,0.03266471724171227,1.999
127.229430394,0.03365004924721138,0.03266471695119422,1.999
127.229430394,0.04119965808816772,0.03266471530485904,1.999
127.229430394,0.04119965808816772,0.03266471530485904,1.999
127.229430394,0.04874926718263828,0.03266471432369922,1.999
127.229430394,0.05629887604686312,0.032664712737588975,1.999
127.229430394,0.06384848502621077,0.0326647117691623,1.999
127.229430394,0.06384848502621077,0.0326647117691623,1.999
127.229430394,0.07139809400555852,0.03266471080073585,2.0
127.229430394,0.07894770321515199,0.03266470980684244,2.0
127.229430394,0.08649731205610811,0.032664708160507705,2.0
127.229430394,0.08649731205610811,0.032664708160507705,2.0
127.229430394,0.09404691930374387,0.02154590903702358,2.0
127.229430394,0.10159652816796871,0.021545907450913115,2.001
127.229430394,0.10914613885217961,0.03266470477122396,2.001
127.229430394,0.10914613885217961,0.03266470477122396,2.001
127.229430394,0.11669574794665016,0.03266470379006392,2.001
127.229430394,0.12424535692599781,0.03266470282163758,2.001
127.229430394,0.12424535692599781,0.03266470282163758,2.001
127.229430394,0.13179496579022265,0.03266470186594406,2.001
127.229430394,0.13934457483457607,0.03266470032782265,2.001
127.229430394,0.14689418381392372,0.03266469872897915,2.001
127.229430394,0.14689418381392372,0.03266469872897915,2.002
127.229430394,0.15444379265488006,0.03266469771306091,2.002
127.229430394,0.16199340158411046,0.03266469618767265,2.002
127.229430394,0.16199340158411046,0.03266469618767265,2.003
127.229430394,0.1695430105867266,0.03266469590988752,2.003
127.229430394,0.17709261963107992,0.03266469437176611,2.003
127.229430394,0.17709261963107992,0.03266469437176611,2.004
127.229430394,0.18464222849530465,0.03266469341607259,2.004
127.229430394,0.19219183733268075,0.03266469259405924,2.004
127.229430394,0.19219183733268075,0.03266469259405924,2.004
127.229430394,0.1997414462887599,0.032664690934991025,2.005
127.229430394,0.20729105384002722,0.021545892403226796,2.004
127.229430394,0.20729105398199876,0.021545892256813803,2.004
127.229430394,0.2148406628462236,0.021545891301120057,2.004
127.229430394,0.22239027212920282,0.021545890293996783,2.003
127.229430394,0.22239027212920282,0.021545890293996783,2.003
127.229430394,0.22993988120040498,0.021545889252612027,2.003
127.229430394,0.23748949008789833,0.021545888357143217,2.003
127.229430394,0.24503909920563727,0.021545888066625274,2.003
127.229430394,0.24503909920563727,0.021545888066625274,2.003
127.229430394,0.2525887080465936,0.021545886420290206,2.003
127.229430394,0.260138316975824,0.021545884894901945,2.003
127.229430394,0.260138316975824,0.021545884894901945,2.004
127.229430394,0.26768792607029457,0.021545883913741903,2.004
127.229430394,0.27523753488440206,0.021545882401086902,2.004
127.229430394,0.2827871438870184,0.021545882123301885,2.005
127.229430394,0.2827871438870184,0.021545882123301885,2.005
127.229430394,0.2903367528162488,0.021545880597913514,2.005
127.229430394,0.29788636181886496,0.021545880320128497,2.006
127.229430394,0.3054359707982127,0.021545879351702046,2.006
127.229430394,0.30543597063297256,0.021545878807473495,2.007
127.229430394,0.3129855797274431,0.021545877826313786,2.007
127.229430394,0.3205351888219137,0.021545876845153966,2.006
127.229430394,0.32808479775952426,0.021545876506646633,2.006
127.229430394,0.3356344069923862,0.02154587620339521,2.006
127.229430394,0.3356344069923862,0.02154587620339521,2.006
127.229430394,0.34318401585661107,0.021545874617285188,2.006
127.229430394,0.3507336249510815,0.021545874266541976,2.006
127.229430394,0.3582832337651891,0.021545872753886752,2.006
127.229430394,0.3658328429330455,0.021545872389913456,2.006
127.229430394,0.3658328429330455,0.021545872389913456,2.006
127.229430394,0.37338245182053886,0.021545871494444868,2.006
127.229430394,0.3809320621361125,0.032664668792730556,2.006
127.229430394,0.3884816711619974,0.032664668575170364,2.005
127.229430394,0.3960312803065851,0.03266466815097202,2.005
127.229430394,0.40358088928593283,0.03266466718254535,2.005
127.229430394,0.40358088928593283,0.03266466718254535,2.005
127.229430394,0.4111304982885491,0.0326646662743435,2.004
127.229430394,0.41868010734128247,0.03266466592310324,2.004
127.229430394,0.4262297152146499,0.021545866662497914,2.004
127.229430394,0.43377932430912036,0.021545866311754924,2.004
127.229430394,0.43377932430912036,0.021545866311754924,2.004
127.229430394,0.44132893333858536,0.02154586526987312,2.003
127.229430394,0.4488785423412016,0.021545864361671052,2.003
127.229430394,0.45642815132054926,0.021545863393244602,2.002
127.229430394,0.46397776048840567,0.021545863029271195,2.002
127.229430394,0.4715273694910218,0.021545862751485845,2.002
127.229430394,0.4715273694910218,0.021545862751485845,2.002
127.229430394,0.47907697837851515,0.021545862486434197,2.002
127.229430394,0.4866265875881086,0.021545861492541007,2.002
127.229430394,0.49417619645233346,0.021545860536847705,2.002
127.229430394,0.5017258054782181,0.021545860319287402,2.001
127.229430394,0.5017258055283353,0.02154586024583227,2.001
127.229430394,0.5092754146460745,0.021545859955313995,2.001
127.229430394,0.5168250234870307,0.021545858308978927,2.001
127.229430394,0.5243746326280384,0.021545858709102306,2.0
127.229430394,0.531924241607386,0.021545857740675634,2.0
127.229430394,0.5319242417958947,0.0215458583451289,2.0
127.229430394,0.5394738506601195,0.021545857389435374,2.0
127.229430394,0.5470234596627357,0.021545857111650246,2.0
127.229430394,0.5545730686653519,0.02154585620344862,2.0
127.229430394,0.5621226777180854,0.021545855852208362,1.999
127.229430394,0.5621226777180854,0.021545855852208362,1.998
127.229430394,0.5696722867475503,0.02154585544074339,1.998
127.229430394,0.5772218958652895,0.021545854519808172,1.998
127.229430394,0.5847715047527828,0.021545854254756414,1.997
127.229430394,0.592321113755399,0.021545853976971285,1.997
127.229430394,0.5998707227347467,0.021545853008544724,1.997
127.229430394,0.6074203316222401,0.021545852113075914,1.998
127.229430394,0.6074203316222401,0.021545852113075914,1.998
127.229430394,0.614969940574739,0.02154585190874647,1.998
127.229430394,0.6225195498076009,0.021545850975077996,1.998
127.229430394,0.6300691586718257,0.021545850649801523,1.999
127.229430394,0.6376187676977105,0.02154585043224122,1.999
127.229430394,0.6376187676977105,0.02154585043224122,1.999
127.229430394,0.6451683767653322,0.021545850215178075,1.999
127.229430394,0.6527179857912171,0.021545849997617772,1.999
127.229430394,0.6602675946554418,0.02154584904192447,1.999
127.229430394,0.6678172038232981,0.02154584867795084,1.999
127.229430394,0.6678172038232981,0.02154584867795084,1.999
127.229430394,0.6753668127609087,0.02154584833944395,1.998
127.229430394,0.682916421648402,0.021545848074392082,1.997
127.229430394,0.6904660309313813,0.021545847697685305,1.996
127.229430394,0.6904660308431072,0.02154584757673883,1.995
127.229430394,0.6980156399191092,0.021545847916140115,1.994
127.229430394,0.7055652483496223,0.010427051173263369,1.994
127.229430394,0.7131148574942101,0.010427050118648307,1.993
127.229430394,0.7206644665200949,0.010427050531504944,1.992
127.229430394,0.7206644665702122,0.010427050458049814,1.992
127.229430394,0.7282140754577056,0.010427050192997833,1.991
127.229430394,0.7357636844871704,0.01042704978153286,1.991
127.229430394,0.7433132936514466,0.010427050241881175,1.991
127.229430394,0.7508629026307942,0.01042704927345428,1.99
127.229430394,0.7508629026307942,0.01042704927345428,1.99
127.229430394,0.7584125116835277,0.010427048922214022,1.99
127.229430394,0.7659621205710211,0.010427048657162374,1.99
127.229430394,0.7735117298271516,0.010427049044552494,1.99
127.229430394,0.7735117298271516,0.010427049044552494,1.99
127.229430394,0.7810613385494047,0.010427048235272185,1.99
127.229430394,0.7886109475520209,0.01042704732707056,1.99
127.229430394,0.79616055666976,0.010427047666968892,1.991
127.229430394,0.79616055666976,0.010427047666968892,1.99
127.229430394,0.803710165745762,0.010427048006370399,1.99
127.229430394,0.8112597746833726,0.010427047667863398,1.989
127.229430394,0.8188093837778432,0.010427046686703356,1.988
127.229430394,0.8263589927387224,0.010427047038838011,1.988
127.229430394,0.8339086017914559,0.010427046687597752,1.987
127.229430394,0.8414582108173405,0.0104270471004545,1.987
127.229430394,0.8490078197048339,0.01042704620498569,1.986
127.229430394,0.8490078197048339,0.01042704620498569,1.986
127.229430394,0.8565574285923272,0.010427045939934043,1.986
127.229430394,0.8641070378753064,0.010427046193644207,1.986
127.229430394,0.8716566467860682,0.010427045988817052,1.986
127.229430394,0.8792062557886845,0.010427045711032146,1.986
127.229430394,0.8867558648145693,0.010427045493471843,1.985
127.229430394,0.8943054737020626,0.010427045858836914,1.985
127.229430394,0.901855082958193,0.010427045615810093,1.985
127.229430394,0.9094046919840777,0.010427046028666731,1.985
127.229430394,0.916954300871571,0.010427045763614973,1.986
127.229430394,0.916954300871571,0.010427045763614973,1.986
127.229430394,0.9245039098741873,0.010427045485829622,1.986
127.229430394,0.932053518900072,0.010427045268269541,1.986
127.229430394,0.9396031277875654,0.010427045003217783,1.986
127.229430394,0.9471527366983272,0.01042704542880768,1.986
127.229430394,0.9547023459311892,0.010427044495139204,1.986
127.229430394,0.9547023459311892,0.010427044495139204,1.986
127.229430394,0.9622519549535626,0.021545841436753643,1.986
127.229430394,0.9698015638643245,0.02154584123192671,1.986
127.229430394,0.9773511728902092,0.021545841644783126,1.987
127.229430394,0.9849007817777026,0.021545841379731367,1.987
127.229430394,0.9849007817777026,0.021545841379731367,1.987
127.229430394,0.9924503906651959,0.021545841114679498,1.987
127.229430394,0.9999999999213264,0.021545841502069618,1.987
127.229430394,1.0075496088320883,0.021545841297242685,1.987
127.229430394,1.0150992177880984,0.010427044564154886,1.987
127.229430394,1.0226488267907146,0.01042704428636998,1.987
127.229430394,1.0226488267907146,0.01042704428636998,1.987
127.229430394,1.0301984357897505,0.010427044832906573,1.987
127.229430394,1.0377480449074896,0.010427044542388297,1.988
127.229430394,1.0452976539333743,0.010427044955244935,1.988
127.229430394,1.0528472627707504,0.010427044133231367,1.988
127.229430394,1.0528472627707504,0.010427044133231367,1.989
127.229430394,1.060396872000032,0.010427045284718162,1.99
127.229430394,1.0679464808875254,0.010427044389249684,1.99
127.229430394,1.075496089863293,0.010427044245144734,1.991
127.229430394,1.0830456992076976,0.010427045383898381,1.991
127.229430394,1.0830456992076976,0.010427045383898381,1.992
127.229430394,1.0905953079299509,0.010427044574618183,1.993
127.229430394,1.098144917020841,0.010427044417779752,1.994
127.229430394,1.1056945262035858,0.01042704418798357,1.994
127.229430394,1.1056945262035858,0.01042704418798357,1.995
127.229430394,1.1132441350642304,0.010427044687028486,1.995
127.229430394,1.1207937439099867,0.010427045051896289,1.995
127.229430394,1.1283433531661171,0.01042704480886969,1.995
127.229430394,1.135892962076879,0.010427045234459253,1.994
127.229430394,1.135892962076879,0.010427045234459253,1.994
127.229430394,1.143442571037758,0.010427045586593908,1.994
127.229430394,1.15099218027062,0.010427045283342595,1.994
127.229430394,1.158541789066259,0.010427045721665529,1.994
127.229430394,1.1660913980921437,0.010427045504105337,1.994
127.229430394,1.1660913980921437,0.010427045504105337,1.994
127.229430394,1.1736410070947598,0.01042704522632032,1.994
127.229430394,1.1811906161439132,0.01042704632981828,1.994
127.229430394,1.1887402251697978,0.010427046742674917,1.993
127.229430394,1.1887402251697978,0.010427046742674917,1.993
127.229430394,1.1962898341956825,0.010427046525114614,1.993
127.229430394,1.2038394431332933,0.010427046817024554,1.993
127.229430394,1.2113890520673236,0.010427047302839054,1.993
127.229430394,1.2113890520673236,0.010427047302839054,1.993
127.229430394,1.2189386612733366,0.010427047763684638,1.993
127.229430394,1.2264882702992215,0.010427047546124224,1.993
127.229430394,1.2340378792099833,0.010427048602130617,1.993
127.229430394,1.2340378792099833,0.010427048602130617,1.993
127.229430394,1.2415874882859854,0.010427048941532124,1.993
127.229430394,1.2491370971967473,0.010427048736705191,1.993
127.229430394,1.2566867062459004,0.01042704984020315,1.993
127.229430394,1.2642363153135223,0.010427049623140117,1.993
127.229430394,1.2717859242242842,0.010427049418313294,1.994
127.229430394,1.2717859242242842,0.010427049418313294,1.994
127.229430394,1.279335533338443,0.010427050582533348,1.994
127.229430394,1.2868851423643277,0.010427050364973156,1.995
127.229430394,1.2944347512750896,0.01042705079056272,1.995
127.229430394,1.2944347514552181,0.010427050838551555,1.995
127.229430394,1.3019843603892485,0.010427051324366166,1.995
127.229430394,1.3095339693918646,0.01042705104658126,1.995
127.229430394,1.3170835784177493,0.010427051459437786,1.995
127.229430394,1.3170835784177493,0.010427051459437786,1.996
127.229430394,1.3246331875820254,0.010427052550202598,1.996
127.229430394,1.3321827965577928,0.010427052406097648,1.996
127.229430394,1.3397324054685547,0.010427052831687433,1.997
127.229430394,1.3397324054685547,0.010427052831687433,1.997
127.229430394,1.3472820146095623,0.010427053231810701,1.997
127.229430394,1.3548316235435927,0.010427053717625534,1.997
127.229430394,1.3623812325694775,0.01042705413048195,1.997
127.229430394,1.3699308417337535,0.010427055221246762,1.997
127.229430394,1.377480450506124,0.010427054338511432,1.997
127.229430394,1.377480450506124,0.010427054338511432,1.997
127.229430394,1.385030059416886,0.010427055394518048,1.997
127.229430394,1.3925796687845589,0.010427056593496409,1.997
127.229430394,1.4001292778104437,0.010427056375936106,1.997
127.229430394,1.4076788866060828,0.010427056814259261,1.998
127.229430394,1.4076788866060828,0.010427056814259261,1.998
127.229430394,1.415228495770359,0.010427057905024184,1.998
127.229430394,1.4227781047962436,0.010427058317881044,1.998
127.229430394,1.430327713772011,0.010427058173775872,1.998
127.229430394,1.4378773229362871,0.010427059264540683,1.998
127.229430394,1.4378773229362871,0.010427059264540683,1.999
127.229430394,1.445426931847049,0.01042705905971364,1.999
127.229430394,1.4529765409844764,0.010427060914575459,1.999
127.229430394,1.460526150010361,0.010427060697015267,2.0
127.229430394,1.460526150010361,0.010427060697015267,2.0
127.229430394,1.4680757591012514,0.010427061170593777,2.0
127.229430394,1.475625368085399,0.010427062213369975,2.0
127.229430394,1.4831749771112839,0.010427062626226613,2.0
127.229430394,1.4907245860453142,0.010427063112041224,2.0
127.229430394,1.4982741950479304,0.010427063464672925,2.0
127.229430394,1.4982741950479304,0.010427063464672925,2.0
127.229430394,1.5058238040970835,0.010427063937754277,2.0
127.229430394,1.5133734131695054,0.010427065731894114,1.999
127.229430394,1.5209230220802672,0.01042706552706707,1.999
127.229430394,1.528472631106152,0.010427066570340315,1.999
127.229430394,1.528472631106152,0.010427066570340315,1.999
127.229430394,1.5360222401320367,0.010427066352780234,1.999
127.229430394,1.5435718492044583,0.01042706814691996,2.0
127.229430394,1.5511214582536117,0.010427069250418142,2.0
127.229430394,1.5511214582536117,0.010427069250418142,2.0
127.229430394,1.5586710671643735,0.010427069045591209,2.0
127.229430394,1.5662206761902582,0.010427069458447624,2.0
127.229430394,1.57377028541954,0.010427070609934752,2.0
127.229430394,1.57377028541954,0.010427070609934752,2.001
127.229430394,1.5813198942384474,0.0104270711084824,2.001
127.229430394,1.5888695032876008,0.010427072211980581,2.001
127.229430394,1.5964191122252114,0.010427072503890522,2.0
127.229430394,1.603968721297633,0.010427073667613307,1.999
127.229430394,1.6039687212326275,0.010427073606891324,1.999
127.229430394,1.6115183302817808,0.010427074710389728,1.999
127.229430394,1.6190679393076655,0.010427075123246254,1.999
127.229430394,1.6266175482416958,0.010427076239477362,1.999
127.229430394,1.6266175482416958,0.010427076239477362,1.999
127.229430394,1.634167157290849,0.010427077342975766,1.999
127.229430394,1.6417167663400023,0.010427077816057007,1.999
127.229430394,1.6492663752740326,0.010427078932288558,1.999
127.229430394,1.6568159842999175,0.010427079345144974,1.999
127.229430394,1.6568159845033144,0.010427079453358634,1.999
127.229430394,1.6643655934140762,0.01042707987894842,2.0
127.229430394,1.6719152024632296,0.010427080982446602,2.0
127.229430394,1.67946481139726,0.010427082098677931,2.0
127.229430394,1.67946481139726,0.010427082098677931,2.0
127.229430394,1.6870144206265416,0.010427082619748007,2.0
127.229430394,1.694564029560572,0.01042708310556284,2.001
127.229430394,1.694564029560572,0.01042708310556284,2.001
127.229430394,1.7021136386097253,0.01042708483947763,2.001
127.229430394,1.7096632477740012,0.010427085299825611,2.001
127.229430394,1.7172128565279032,0.010427086368068439,2.0
127.229430394,1.7247624656921794,0.010427088089250192,2.0
127.229430394,1.7247624656921794,0.010427088089250192,2.0
127.229430394,1.7323120744878184,0.010427087897156406,2.0
127.229430394,1.73986168356024,0.010427089691296132,2.0
127.229430394,1.747411292586125,0.010427089473736051,2.0
127.229430394,1.747411292586125,0.010427089473736051,2.0
127.229430394,1.7549609017235523,0.01042709132859776,2.0
127.229430394,1.7625105107494368,0.010427091741454175,2.001
127.229430394,1.7700601199369816,0.010427093522860864,2.001
127.229430394,1.7700601200019872,0.010427092953166017,2.001
127.229430394,1.777609728797626,0.01042709339148895,2.002
127.229430394,1.785159338026908,0.010427093912559027,2.002
127.229430394,1.7927089470993298,0.010427095706698752,2.003
127.229430394,1.7927089470993298,0.010427095706698752,2.003
127.229430394,1.8002585561717515,0.010427096870421981,2.003
127.229430394,1.807808165197636,0.010427097913695227,2.003
127.229430394,1.8153577741316664,0.010427098399509838,2.003
127.229430394,1.815357773951538,0.010427098981937943,2.002
127.229430394,1.8229073831390827,0.01042710013292758,2.001
127.229430394,1.830456991869716,0.010427101140945583,2.001
127.229430394,1.8380066009188694,0.010427101614026713,2.0
127.229430394,1.845556209787894,0.010427102669536392,2.0
127.229430394,1.845556209787894,0.010427102669536392,2.0
127.229430394,1.8531058188835843,0.010427105154317662,1.999
127.229430394,1.8606554277293406,0.010427105519185464,1.999
127.229430394,1.8682050366866396,0.01042710732605856,1.999
127.229430394,1.8757546457357928,0.010427108429556853,1.999
127.229430394,1.8757546457357928,0.010427108429556853,1.998
127.229430394,1.883304254581549,0.010427108794424655,1.998
127.229430394,1.8908538635388479,0.010427110601297529,1.998
127.229430394,1.8984034728182468,0.010427111048912696,1.997
127.229430394,1.898403472661387,0.010427112321982124,1.997
127.229430394,1.9059530815721488,0.01042711274757202,1.997
127.229430394,1.9135026906445707,0.010427114541711968,1.997
127.229430394,1.9210522998321151,0.010427115692701605,1.997
127.229430394,1.9210522998321151,0.010427115692701605,1.997
127.229430394,1.9286019086277544,0.010427116131024539,1.997
127.229430394,1.936151517585053,0.010427117937897634,1.997
127.229430394,1.943701126864452,0.010427119015929298,1.996
127.229430394,1.9512507356416224,0.01042712077481367,1.996
127.229430394,1.9512507356416224,0.01042712077481367,1.995
127.229430394,1.9588003442804016,0.010427121855789534,1.995
127.229430394,1.9663499534446778,0.010427122946554346,1.995
127.229430394,1.9738995624019766,0.0104271241230105,1.995
127.229430394,1.9738995624019766,0.0104271241230105,1.995
127.229430394,1.9814491714511298,0.010427125226508904,1.995
127.229430394,1.9889987805235516,0.010427126390231911,1.995
127.229430394,1.996548389457582,0.01042712813688007,1.995
127.229430394,2.004097998710132,0.01042712934859158,1.995
127.229430394,2.004097998710132,0.01042712934859158,1.996
127.229430394,2.0116476078242913,0.010427129882395025,1.996
127.229430394,2.0191972168734442,0.010427130985893207,1.997
127.229430394,2.02674682603414,0.010427132900979741,1.998
127.229430394,2.02674682603414,0.010427132900979741,1.998
127.229430394,2.034296435263422,0.010427134052466536,1.999
127.229430394,2.0418460441974524,0.010427134538281146,1.999
127.229430394,2.049395653473271,0.010427137071051251,1.999
127.229430394,2.0493956532466058,0.01042713627219638,1.999
127.229430394,2.0569452623422957,0.01042713812656082,1.998
127.229430394,2.0644948709810746,0.010427139207536795,1.998
127.229430394,2.0720444798500997,0.01042714089346286,1.997
127.229430394,2.0720444798500997,0.01042714089346286,1.996
127.229430394,2.0795940888807842,0.01042714268710565,1.996
127.229430394,2.087143697929937,0.010427143790603832,1.995
127.229430394,2.0946933065687166,0.010427145501996304,1.995
127.229430394,2.1022429156411384,0.010427146665719533,1.994
127.229430394,2.1022429156411384,0.010427146665719533,1.994
127.229430394,2.1097925245984372,0.010427148472592407,1.994
127.229430394,2.1173421336475906,0.01042714894567387,1.995
127.229430394,2.1248917427200125,0.010427151370230425,1.995
127.229430394,2.124891742900141,0.010427150787802208,1.995
127.229430394,2.1324413519725627,0.010427152581941934,1.996
127.229430394,2.139990960929861,0.01042715438881514,1.996
127.229430394,2.1475405701824117,0.01042715560052665,1.996
127.229430394,2.1475405701824117,0.01042715560052665,1.997
127.229430394,2.155090179116442,0.010427156716758312,1.997
127.229430394,2.162639788392261,0.010427158619111587,1.997
127.229430394,2.1701893970077712,0.010427159009445797,1.997
127.229430394,2.1701893970077712,0.010427159009445797,1.997
127.229430394,2.177739006038456,0.010427161433505305,1.996
127.229430394,2.185288614972486,0.010427162549736635,1.996
127.229430394,2.185288614972486,0.010427162549736635,1.996
127.229430394,2.192838224044908,0.01042716434387636,1.995
127.229430394,2.2003878328220785,0.010427166102760954,1.995
127.229430394,2.207937441871232,0.010427167206258914,1.995
127.229430394,2.207937441871232,0.010427167206258914,1.994
127.229430394,2.215487050851799,0.010427169073356835,1.994
127.229430394,2.223036659605701,0.01042717077201627,1.994
127.229430394,2.223036659605701,0.01042717077201627,1.994
127.229430394,2.2305862688582514,0.01042717198372789,1.994
127.229430394,2.2381358778155502,0.010427173790600763,1.994
127.229430394,2.245685486887972,0.01042717495432377,1.994
127.229430394,2.245685486887972,0.01042717495432377,1.995
127.229430394,2.253235095937125,0.010427176688239004,1.995
127.229430394,2.260784705097821,0.010427178603325205,1.995
127.229430394,2.26833431405512,0.010427180410198411,1.996
127.229430394,2.2683343142352483,0.010427179827770194,1.996
127.229430394,2.2758839232659334,0.010427182251829703,1.996
127.229430394,2.2834335320848407,0.010427183380794514,1.996
127.229430394,2.2834335320848407,0.010427183380794514,1.995
127.229430394,2.2909831410922568,0.010427185114212256,1.995
127.229430394,2.2985327500495556,0.01042718692108513,1.995
127.229430394,2.3060823590068544,0.010427188727958225,1.995
127.229430394,2.3060823590068544,0.010427188727958225,1.995
127.229430394,2.3136319678490307,0.01042718991714775,1.995
127.229430394,2.321181577036575,0.010427192328970936,1.995
127.229430394,2.328731185993874,0.010427193505427312,1.995
127.229430394,2.328731185993874,0.010427193505427312,1.995
127.229430394,2.33628079515457,0.010427195420513735,1.995
127.229430394,2.3438304042037235,0.010427196524012028,1.996
127.229430394,2.351380013299414,0.01042719900879352,1.996
127.229430394,2.358929622436841,0.010427200233238398,1.996
127.229430394,2.358929622436841,0.010427200233238398,1.996
127.229430394,2.3664792315092624,0.010427202027378235,1.996
127.229430394,2.3740288404665617,0.010427203834251109,1.996
127.229430394,2.381578449128609,0.010427205605868517,1.996
127.229430394,2.389128058316154,0.010427207387275206,1.996
127.229430394,2.389128058316154,0.010427207387275206,1.996
127.229430394,2.3966776672317156,0.010427209824067862,1.995
127.229430394,2.404227275893763,0.010427211595685493,1.994
127.229430394,2.4117768849429164,0.010427212699183452,1.994
127.229430394,2.4193264939234838,0.010427215196698203,1.993
127.229430394,2.419326493604964,0.010427214470801194,1.993
127.229430394,2.4268761027239227,0.010427217646224007,1.993
127.229430394,2.434425711657953,0.010427218132038618,1.993
127.229430394,2.441975320615252,0.010427219938911492,1.993
127.229430394,2.4495249295958192,0.010427222436426353,1.993
127.229430394,2.4495249295958192,0.010427222436426353,1.993
127.229430394,2.4570745389634925,0.010427223635404603,1.993
127.229430394,2.4646241480824513,0.010427226810827861,1.994
127.229430394,2.4721737570164817,0.01042722792705919,1.994
127.229430394,2.479723365973781,0.010427229733932175,1.994
127.229430394,2.4797233662923004,0.010427229829412576,1.994
127.229430394,2.4872729753647222,0.010427231623552302,1.995
127.229430394,2.494822584322021,0.010427233430425176,1.995
127.229430394,2.5023721933025884,0.010427235297523096,1.995
127.229430394,2.509921802283156,0.010427237795037736,1.995
127.229430394,2.5174714113555776,0.01042723958917735,1.995
127.229430394,2.5174714139836465,-0.0006915585535030022,1.994
127.229430394,2.525021022964214,-0.0006915560559881406,1.994
127.229430394,2.5325706319215127,-0.0006915542491152671,1.993
127.229430394,2.5401202408370747,-0.0006915518123224995,1.993
127.229430394,2.5401202408370747,-0.0006915518123224995,1.993
127.229430394,2.5476698497943735,-0.000691550005449626,1.993
127.229430394,2.555219458774941,-0.0006915481383518163,1.993
127.229430394,2.5627690678473627,-0.0006915463442123126,1.993
127.229430394,2.57031867682793,-0.0006915438466974511,1.993
127.229430394,2.57031867682793,-0.0006915438466974511,1.993
127.229430394,2.5778682858084974,-0.0006915413491828115,1.992
127.229430394,2.5854178945623993,-0.000691540280940206,1.992
127.229430394,2.5929675037964808,-0.0006915377486671481,1.992
127.229430394,2.5929675037964808,-0.0006915377486671481,1.991
127.229430394,2.600517112638657,-0.0006915359290609047,1.991
127.229430394,2.608066721711079,-0.000691534134921401,1.991
127.229430394,2.6156163306916462,-0.0006915316374063174,1.992
127.229430394,2.6156163306916462,-0.0006915316374063174,1.992
127.229430394,2.6231659430059078,-0.011810326594377862,1.993
127.229430394,2.6307155523968495,-0.011810324074341016,1.993
127.229430394,2.63826516149254,-0.011810322219976577,1.994
127.229430394,2.6382651616493997,-0.011810322862629175,1.994
127.229430394,2.6458147706532356,-0.011810319674472991,1.995
127.229430394,2.65336437984078,-0.011810318523483243,1.995
127.229430394,2.6609139890247446,-0.011810315917755165,1.995
127.229430394,2.6684635980971665,-0.011810314123615218,1.996
127.229430394,2.668463598277295,-0.011810314075626493,1.997
127.229430394,2.6760132073497167,-0.011810312281486768,1.997
127.229430394,2.6835628166255354,-0.011810310379133382,1.998
127.229430394,2.6911124255828343,-0.011810308572260508,1.998
127.229430394,2.698662034816916,-0.011810305409570843,1.998
127.229430394,2.698662034816916,-0.011810305409570843,1.998
127.229430394,2.7062116437974835,-0.011810303542473033,1.998
127.229430394,2.7137612528699053,-0.011810301748333085,1.998
127.229430394,2.7137612528699053,-0.011810301748333085,1.998
127.229430394,2.7213108618504727,-0.011810299250818446,1.998
127.229430394,2.728860470946163,-0.011810296766037176,1.998
127.229430394,2.7364100799267304,-0.011810294898939366,1.998
127.229430394,2.7364100799267304,-0.011810294898939366,1.998
127.229430394,2.7439596894327947,-0.011810292391635668,1.998
127.229430394,2.751509298321508,-0.011810289821163167,1.998
127.229430394,2.7590589076241754,-0.011810288052489515,1.998
127.229430394,2.766608516466351,-0.011810286232883271,1.998
127.229430394,2.766608516466351,-0.011810286232883271,1.998
127.229430394,2.774158125470187,-0.01181028304472731,1.998
127.229430394,2.781707734657732,-0.011810281893737562,1.998
127.229430394,2.7892573437534223,-0.011810278778539463,1.998
127.229430394,2.796806952757258,-0.011810276220799887,1.998
127.229430394,2.796806952757258,-0.011810276220799887,1.998
127.229430394,2.804356561534428,-0.011810274461915515,1.998
127.229430394,2.811906170630119,-0.011810271977134024,1.998
127.229430394,2.8194557796106863,-0.011810269479619606,1.997
127.229430394,2.8194557791770434,-0.011810270192783356,1.997
127.229430394,2.8270053882960022,-0.01181026701736032,1.997
127.229430394,2.8345549973916926,-0.011810265162995659,1.997
127.229430394,2.84210460637226,-0.011810262035064412,1.997
127.229430394,2.8496542154679503,-0.01181026018069975,1.996
127.229430394,2.8496542154679503,-0.01181026018069975,1.996
127.229430394,2.8572038241532662,-0.011810257718440687,1.996
127.229430394,2.8647534332489566,-0.011810255233659417,1.996
127.229430394,2.872303042344647,-0.011810252748877925,1.996
127.229430394,2.8798526514403373,-0.011810250264096656,1.996
127.229430394,2.887402260444173,-0.011810247706356858,1.996
127.229430394,2.894951869401472,-0.011810245899483984,1.996
127.229430394,2.894951869401472,-0.011810245899483984,1.996
127.229430394,2.902501478700559,-0.011810243306489276,1.996
127.229430394,2.9100510877962495,-0.011810240821708007,1.997
127.229430394,2.91760069689194,-0.011810238336926293,1.997
127.229430394,2.9251503061677586,-0.011810236434572907,1.997
127.229430394,2.9326999151715945,-0.011810233246416724,1.998
127.229430394,2.9326999151715945,-0.011810233246416724,1.998
127.229430394,2.9402495243824074,-0.011810230774368824,1.998
127.229430394,2.947799133362975,-0.011810228276854184,1.998
127.229430394,2.955348742753917,-0.011810226387233946,1.998
127.229430394,2.962898351619361,-0.011810223876986159,1.998
127.229430394,2.962898351619361,-0.011810223876986159,1.998
127.229430394,2.9704479607615886,-0.011810220641338187,1.998
127.229430394,2.9779975697188874,-0.011810218834465314,1.998
127.229430394,2.9855471789529693,-0.011810215671775648,1.998
127.229430394,2.993096787910268,-0.011810213864902774,1.998
127.229430394,3.000646396618853,-0.011810210712001723,1.998
127.229430394,3.000646396618853,-0.011810210712001723,1.998
127.229430394,3.008196005622689,-0.01181020815426237,1.998
127.229430394,3.0157456147183788,-0.011810205039064492,1.998
127.229430394,3.0157456147183788,-0.011810205039064492,1.998
127.229430394,3.0232952236989465,-0.01181020317196646,1.998
127.229430394,3.030844833089888,-0.011810200651929392,1.998
127.229430394,3.0383944420937237,-0.011810198094190039,1.999
127.229430394,3.0459440512126825,-0.011810194918767225,1.999
127.229430394,3.0459440514846654,-0.011810196204570023,1.999
127.229430394,3.053493664471196,-0.02292898991737946,1.999
127.229430394,3.0610432733599087,-0.022928987346906737,2.0
127.229430394,3.0685928825707216,-0.022928984244441786,2.0
127.229430394,3.0761424916664124,-0.022928982390077346,2.0
127.229430394,3.0761424916664124,-0.022928982390077346,2.0
127.229430394,3.0836921009654996,-0.022928979797082194,2.0
127.229430394,3.091241710084458,-0.02292897662165938,2.001
127.229430394,3.0987913194753998,-0.022928974732039142,2.001
127.229430394,3.1063409285025045,-0.022928970853241415,2.002
127.229430394,3.1138905379853004,-0.02292896903657926,2.002
127.229430394,3.1138905379853004,-0.02292896903657926,2.003
127.229430394,3.12144014739951,-0.02292896645631748,2.003
127.229430394,3.128989756403346,-0.022928963268161517,2.004
127.229430394,3.1365393657942877,-0.0229289613785415,2.004
127.229430394,3.1365393657942877,-0.0229289613785415,2.005
127.229430394,3.144088975208498,-0.02292895879827972,2.005
127.229430394,3.1516385842123342,-0.022928955610123314,2.006
127.229430394,3.159188193308024,-0.022928953125342044,2.006
127.229430394,3.166737802745503,-0.022928949854438496,2.006
127.229430394,3.166737802745503,-0.022928949854438496,2.007
127.229430394,3.1742874118179247,-0.022928948060298993,2.007
127.229430394,3.181837021117012,-0.022928944836887233,2.008
127.229430394,3.189386630531222,-0.02292894225662545,2.008
127.229430394,3.196936239626912,-0.02292894040226079,2.009
127.229430394,3.204485849064391,-0.022928936500940855,2.01
127.229430394,3.2044858493363737,-0.022928937786743653,2.011
127.229430394,3.2120354588889755,-0.022928933898156867,2.011
127.229430394,3.219585067869543,-0.022928932031058835,2.012
127.229430394,3.2271346770117697,-0.022928928164994478,2.012
127.229430394,3.234684286287589,-0.02292892626264109,2.012
127.229430394,3.2422338955216703,-0.022928922469534374,2.012
127.229430394,3.2422338955216703,-0.022928922469534374,2.012
127.229430394,3.249783504617361,-0.022928920615169934,2.012
127.229430394,3.2573331136444654,-0.022928916736372207,2.012
127.229430394,3.2648827227401553,-0.022928914882007545,2.012
127.229430394,3.272432331859114,-0.0229289110761679,2.012
127.229430394,3.27998194086295,-0.022928908518428326,2.012
127.229430394,3.27998194086295,-0.022928908518428326,2.012
127.229430394,3.287531549981909,-0.02292890534300529,2.012
127.229430394,3.295081158690494,-0.022928902190104683,2.012
127.229430394,3.302630767671061,-0.022928899692590043,2.012
127.229430394,3.310180376813288,-0.022928895826525242,2.012
127.229430394,3.317729985908979,-0.022928893972160802,2.011
127.229430394,3.3252795946175633,-0.02292889018884292,2.011
127.229430394,3.3252795946175633,-0.02292889018884292,2.011
127.229430394,3.332829203736522,-0.022928887643836937,2.011
127.229430394,3.3403788127170895,-0.022928885146322298,2.011
127.229430394,3.347928421744194,-0.02292888126752457,2.011
127.229430394,3.3554780263966983,-0.011810081830844865,2.011
127.229430394,3.3630276399821115,-0.02292887491667872,2.011
127.229430394,3.3705772493963218,-0.02292887233641694,2.012
127.229430394,3.3781268585152806,-0.022928869791410733,2.012
127.229430394,3.378126858948923,-0.02292886907824676,2.013
127.229430394,3.3856764679294904,-0.02292886658073212,2.013
127.229430394,3.3932260773437006,-0.02292886400047056,2.014
127.229430394,3.4007756864859284,-0.02292886013440598,2.014
127.229430394,3.408325295900138,-0.02292885755414442,2.014
127.229430394,3.415874904880706,-0.02292885505662956,2.015
127.229430394,3.4234245141380555,-0.02292885120329835,2.015
127.229430394,3.423424514410039,-0.022928851858684318,2.015
127.229430394,3.4309741236906577,-0.022928847945128172,2.016
127.229430394,3.438523732440979,-0.022928845422147015,2.016
127.229430394,3.4460733416983294,-0.022928842199232413,2.016
127.229430394,3.453622950817288,-0.022928838393392992,2.016
127.229430394,3.4611725596827325,-0.022928836513561812,2.016
127.229430394,3.4687221689400825,-0.02292883266023038,2.016
127.229430394,3.4687221642433825,-0.011810036373506971,2.016
127.229430394,3.47627177338561,-0.011810032507442392,2.016
127.229430394,3.4838213827079656,-0.011810028593388866,2.016
127.229430394,3.491370991803656,-0.011810026739024426,2.017
127.229430394,3.4989206008307603,-0.011810022860226699,2.017
127.229430394,3.506470209834596,-0.011810019672070293,2.017
127.229430394,3.506470209834596,-0.011810019672070293,2.017
127.229430394,3.5140198193639294,-0.011810017104541881,2.017
127.229430394,3.5215694284828882,-0.011810013929118846,2.017
127.229430394,3.52911903739487,-0.011810010037587748,2.017
127.229430394,3.5366686466289514,-0.011810007505314912,2.017
127.229430394,3.544218255656056,-0.011810003626517185,2.017
127.229430394,3.544218255656056,-0.011810003626517185,2.017
127.229430394,3.551767864659892,-0.011810000438361001,2.017
127.229430394,3.5593174788209194,-0.02292879421827765,2.017
127.229430394,3.5668670878247553,-0.022928791030121465,2.017
127.229430394,3.574416696736737,-0.02292878713859059,2.017
127.229430394,3.574416696736737,-0.02292878713859059,2.018
127.229430394,3.5819663060859415,-0.022928784619050457,2.018
127.229430394,3.589515915113046,-0.02292878074025273,2.018
127.229430394,3.5970655240017586,-0.022928777539363177,2.018
127.229430394,3.5970655240017586,-0.022928777539363177,2.018
127.229430394,3.604615133646215,-0.022928774984568356,2.018
127.229430394,3.6121647426500507,-0.02292877179641173,2.019
127.229430394,3.619714351792278,-0.02292876793034715,2.019
127.229430394,3.6197143523410436,-0.022928767860333377,2.019
127.229430394,3.62726396134488,-0.022928764672177193,2.02
127.229430394,3.6348135703719837,-0.022928760793379466,2.02
127.229430394,3.642363179467674,-0.022928758308597974,2.02
127.229430394,3.6423631799245855,-0.022928757535209288,2.02
127.229430394,3.6499127890435443,-0.022928754359786252,2.021
127.229430394,3.65746239804738,-0.02292875117163007,2.021
127.229430394,3.65746239804738,-0.02292875117163007,2.021
127.229430394,3.665012007576713,-0.022928748604101656,2.021
127.229430394,3.6725616166038177,-0.022928744725303707,2.021
127.229430394,3.6725616161934433,-0.022928744747826357,2.021
127.229430394,3.6801112251972796,-0.022928741559669952,2.021
127.229430394,3.687660834865004,-0.022928737683816314,2.021
127.229430394,3.687660834865004,-0.022928737683816314,2.021
127.229430394,3.6952104438921083,-0.022928734435435416,2.021
127.229430394,3.6952104438921083,-0.022928734435435416,2.022
127.229430394,3.702760053329587,-0.022928731164531868,2.022
127.229430394,3.710309662586937,-0.022928727311200436,2.023
127.229430394,3.7103096629740424,-0.022928727979319774,2.023
127.229430394,3.717859272001147,-0.022928724730938654,2.024
127.229430394,3.7178592724347896,-0.022928724017774904,2.025
127.229430394,3.725408881577017,-0.022928720151710325,2.025
127.229430394,3.7254088819873914,-0.022928720759604726,2.026
127.229430394,3.7329584911063503,-0.022928717584181912,2.026
127.229430394,3.7329584915167247,-0.022928717561659706,2.026
127.229430394,3.7329584915167247,-0.022928717561659706,2.027
127.229430394,3.740508100954203,-0.02292871429075638,2.027
127.229430394,3.740508100954203,-0.02292871429075638,2.028
127.229430394,3.7405081013645773,-0.022928714268234174,2.028
127.229430394,3.7480577105068047,-0.022928711032586424,2.029
127.229430394,3.7480577110323017,-0.022928711022797366,2.029
127.229430394,3.7480577110323017,-0.022928711022797366,2.03
127.229430394,3.755607320059406,-0.022928707143999638,2.03
127.229430394,3.755607320059406,-0.022928707143999638,2.03
127.229430394,3.755607320059406,-0.022928707143999638,2.03
127.229430394,3.755607320059406,-0.022928707143999638,2.03
127.229430394,3.7631569292016334,-0.022928703277934837,2.03
127.229430394,3.7631569292016334,-0.022928703277934837,2.03
127.229430394,3.7631569292016334,-0.022928703277934837,2.03
127.229430394,3.7631569296120073,-0.022928703885829016,2.03
127.229430394,3.7631569296120073,-0.022928703885829016,2.031
127.229430394,3.7707065386158436,-0.022928700697673055,2.031
127.229430394,3.7707065386158436,-0.022928700697673055,2.031
127.229430394,3.7707065391646095,-0.022928700627659282,2.031
127.229430394,3.7707065391646095,-0.022928700627659282,2.031
127.229430394,3.7707065386158436,-0.022928700697673055,2.031
127.229430394,3.7707065386158436,-0.022928700697673055,2.031
127.229430394,3.770706538205469,-0.022928700720195483,2.03
127.229430394,3.7782561473476965,-0.022928696854130903,2.03
127.229430394,3.7782561469373226,-0.02292869687665311,2.029
127.229430394,3.7782561469373226,-0.02292869687665311,2.028
127.229430394,3.7782561465269486,-0.022928696268758486,2.028
127.229430394,3.778256145978183,-0.02292869633877226,2.027
127.229430394,3.7782561455678083,-0.022928696361294687,2.026
127.229430394,3.7782561455678083,-0.022928696361294687,2.025
127.229430394,3.7858057541845387,-0.022928692505018944,2.025
127.229430394,3.7858057537741643,-0.022928692527541372,2.024
127.229430394,3.7858057537741643,-0.022928692527541372,2.024
127.229430394,3.7858057537741643,-0.022928692527541372,2.024
127.229430394,3.7858057541845387,-0.022928692505018944,2.024
127.229430394,3.7858057541845387,-0.022928692505018944,2.025
127.229430394,3.7858057547333046,-0.022928691804588563,2.026
127.229430394,3.7933553640323914,-0.02292868921159341,2.026
127.229430394,3.7933553640323914,-0.02292868921159341,2.027
127.229430394,3.7933553640323914,-0.02292868921159341,2.027
127.229430394,3.7933553640323914,-0.02292868921159341,2.027
127.229430394,3.7933553640323914,-0.02292868921159341,2.027
127.229430394,3.7933553640323914,-0.02292868921159341,2.027
127.229430394,3.7933553640323914,-0.02292868921159341,2.027
127.229430394,3.8009049732897418,-0.022928685988679032,2.027
127.229430394,3.8009049732897418,-0.022928685988679032,2.027
127.229430394,3.8009049738152387,-0.02292868597888953,2.027
127.229430394,3.8009049738152387,-0.02292868597888953,2.028
127.229430394,3.8009049738152387,-0.02292868597888953,2.028
127.229430394,3.800904974225613,-0.022928685956367545,2.028
127.229430394,3.8009049688614445,-0.011809888902603483,2.029
127.229430394,3.808454578003672,-0.011809885036538681,2.029
127.229430394,3.808454578003672,-0.011809885036538681,2.029
127.229430394,3.808454578003672,-0.011809885036538681,2.029
127.229430394,3.808454578003672,-0.011809885036538681,2.029
127.229430394,3.808454578003672,-0.011809885036538681,2.028
127.229430394,3.8084545775932974,-0.011809884428644057,2.028
127.229430394,3.8084545775932974,-0.011809884428644057,2.028
127.229430394,3.8084545775932974,-0.011809884428644057,2.028
127.229430394,3.8160041865971337,-0.011809881870904704,2.028
127.229430394,3.8160041865971337,-0.011809881870904704,2.028
127.229430394,3.8160041865971337,-0.011809881870904704,2.028
127.229430394,3.8160041865971337,-0.011809881870904704,2.028
127.229430394,3.8160041865971337,-0.011809881870904704,2.028
127.229430394,3.8160041870075077,-0.01180988184838272,2.028
127.229430394,3.823553795762629,-0.01180987731419858,2.028
127.229430394,3.823553795762629,-0.01180987731419858,2.028
127.229430394,3.823553795762629,-0.01180987731419858,2.028
127.229430394,3.823553795762629,-0.01180987731419858,2.028
127.229430394,3.823553795762629,-0.01180987731419858,2.027
127.229430394,3.823553795328986,-0.01180987802736233,2.027
127.229430394,3.823553795328986,-0.01180987802736233,2.027
127.229430394,3.823553795328986,-0.01180987802736233,2.027
127.229430394,3.823553795762629,-0.01180987731419858,2.028
127.229430394,3.823553795762629,-0.01180987731419858,2.028
127.229430394,3.823553795762629,-0.01180987731419858,2.028
127.229430394,3.823553789964818,-0.0006910809735980461,2.027
127.229430394,3.823553789964818,-0.0006910809735980461,2.027
127.229430394,3.823553789964818,-0.0006910809735980461,2.026
127.229430394,3.823553789964818,-0.0006910809735980461,2.027
127.229430394,3.8235537903984604,-0.0006910808908509036,2.028
127.229430394,3.8235537903984604,-0.0006910808908509036,2.028
127.229430394,3.8160041865971337,-0.011809881870904704,2.028
127.229430394,3.816004181256233,-0.0006910847569154832,2.028
127.229430394,3.816004181256233,-0.0006910847569154832,2.028
127.229430394,3.816004181643339,-0.0006910854250350429,2.028
127.229430394,3.816004181643339,-0.0006910854250350429,2.028
127.229430394,3.816004181643339,-0.0006910854250350429,2.028
127.229430394,3.808454572639503,-0.0006910886131912264,2.028
127.229430394,3.808454572639503,-0.0006910886131912264,2.028
127.229430394,3.808454572639503,-0.0006910886131912264,2.028
127.229430394,3.8009049632020244,-0.0006910918840943303,2.028
127.229430394,3.8009049632020244,-0.0006910918840943303,2.028
127.229430394,3.8009049632020244,-0.0006910918840943303,2.028
127.229430394,3.7933553539679425,-0.0006910950467842181,2.027
127.229430394,3.7933553536494227,-0.0006910951422645084,2.027
127.229430394,3.7933553536494227,-0.0006910951422645084,2.026
127.229430394,3.7858057440968214,-0.0006910984004346865,2.026
127.229430394,3.7858057440968214,-0.0006910984004346865,2.025
127.229430394,3.785805743686447,-0.0006910984229568928,2.025
127.229430394,3.7782561342489687,-0.0006911016938602188,2.024
127.229430394,3.7782561342489687,-0.0006911016938602188,2.023
127.229430394,3.770706524696367,-0.0006911055824470047,2.023
127.229430394,3.770706524696367,-0.0006911055824470047,2.023
127.229430394,3.763156915692531,-0.0006911087706034102,2.023
127.229430394,3.763156915692531,-0.0006911087706034102,2.023
127.229430394,3.7556073066654267,-0.0006911126494011377,2.023
127.229430394,3.7480576975231994,-0.0006911158850488874,2.023
127.229430394,3.7480576975231994,-0.0006911158850488874,2.023
127.229430394,3.7405080889064686,-0.0006911197413246306,2.023
127.229430394,3.7405080889064686,-0.0006911197413246306,2.024
127.229430394,3.7329584799026327,-0.0006911229294805921,2.024
127.229430394,3.725408871285903,-0.0006911267857563352,2.024
127.229430394,3.725408871285903,-0.0006911267857563352,2.025
127.229430394,3.7178592621436755,-0.0006911306518211369,2.025
127.229430394,3.7103096535502136,-0.0006911344478714998,2.026
127.229430394,3.7103096535502136,-0.0006911344478714998,2.026
127.229430394,3.7027600448183606,-0.0006911376609970432,2.027
127.229430394,3.6952104357912563,-0.0006911415397949927,2.027
127.229430394,3.6952104357912563,-0.0006911415397949927,2.027
127.229430394,3.687660831921343,-0.011809941125832335,2.027
127.229430394,3.680111222663993,-0.011809944979163767,2.026
127.229430394,3.6801112222536188,-0.011809945001685973,2.026
127.229430394,3.6725616132265144,-0.01180994825006687,2.026
127.229430394,3.665012004337801,-0.011809951450956202,2.026
127.229430394,3.665012004337801,-0.011809951450956202,2.026
127.229430394,3.6574623955140937,-0.011809954591123883,2.026
127.229430394,3.6499127864869894,-0.011809958469922055,2.027
127.229430394,3.6499127864869894,-0.011809958469922055,2.027
127.229430394,3.6423631774831535,-0.011809961658078016,2.027
127.229430394,3.6348135683641947,-0.011809964833501052,2.027
127.229430394,3.6348135683641947,-0.011809964833501052,2.027
127.229430394,3.6272639591986984,-0.011809968759790346,2.027
127.229430394,3.6197143501948625,-0.01180997194794653,2.027
127.229430394,3.6197143501948625,-0.01180997194794653,2.027
127.229430394,3.612164741052635,-0.011809975814011331,2.027
127.229430394,3.6046151319336768,-0.011809978359017315,2.027
127.229430394,3.6046151319336768,-0.011809978359017315,2.027
127.229430394,3.597065522814718,-0.011809982164857402,2.027
127.229430394,3.589515913787613,-0.0118099854132383,2.026
127.229430394,3.589515913787613,-0.0118099854132383,2.026
127.229430394,3.5819662995848494,-0.0006911922642354185,2.026
127.229430394,3.5744166902356445,-0.0006911947837751065,2.026
127.229430394,3.5744166902356445,-0.0006911947837751065,2.026
127.229430394,3.566867081323663,-0.0006911986753062038,2.026
127.229430394,3.559317472319827,-0.0006912012330455575,2.026
127.229430394,3.551767863085745,-0.0006912050261522751,2.026
127.229430394,3.551767863085745,-0.0006912050261522751,2.026
127.229430394,3.5442182540586407,-0.0006912082745331727,2.026
127.229430394,3.5366686453267877,-0.0006912121180753239,2.027
127.229430394,3.5366686457371617,-0.0006912120955533396,2.027
127.229430394,3.5291190365030802,-0.0006912158886598352,2.028
127.229430394,3.5215694280247414,-0.0006912190670269602,2.029
127.229430394,3.5215694280247414,-0.0006912190670269602,2.029
127.229430394,3.5140198193161565,-0.0006912215895109597,2.03
127.229430394,3.5064702101971976,-0.0006912253953506031,2.03
127.229430394,3.5064702101971976,-0.0006912253953506031,2.03
127.229430394,3.4989206011700933,-0.0006912286437317228,2.03
127.229430394,3.491370992304649,-0.0006912311539797322,2.03
127.229430394,3.4838213830472986,-0.0006912350073109419,2.029
127.229430394,3.4838213827520472,-0.0006912344121494662,2.029
127.229430394,3.476271773633089,-0.0006912375875727239,2.028
127.229430394,3.46872216419561,-0.0006912408584760499,2.028
127.229430394,3.461172554666277,-0.0006912440564215139,2.027
127.229430394,3.4611725543710254,-0.0006912434612598162,2.026
127.229430394,3.453622945252067,-0.0006912466366828518,2.026
127.229430394,3.446073336363354,-0.0006912498375721832,2.026
127.229430394,3.4385237271292723,-0.000691253000262293,2.026
127.229430394,3.4385237271292723,-0.000691253000262293,2.025
127.229430394,3.4309741178301847,-0.0006912555932570008,2.025
127.229430394,3.4234245088030804,-0.0006912594720547283,2.024
127.229430394,3.4158748992737475,-0.0006912620395833624,2.024
127.229430394,3.4158748988401046,-0.0006912627527473347,2.023
127.229430394,3.408325289859537,-0.0006912646198451444,2.023
127.229430394,3.4007756804220586,-0.0006912678907484704,2.022
127.229430394,3.393226071326368,-0.0006912710059465699,2.021
127.229430394,3.3932260709159943,-0.0006912703980521684,2.02
127.229430394,3.385676461501784,-0.0006912736087305582,2.02
127.229430394,3.3781268521794283,-0.000691276892367032,2.019
127.229430394,3.3705772426500955,-0.0006912794598954441,2.018
127.229430394,3.3630276335311367,-0.0006912826353184798,2.018
127.229430394,3.3554780246424234,-0.0006912858362080332,2.018
127.229430394,3.3554780246424234,-0.0006912858362080332,2.018
127.229430394,3.3479284155234645,-0.000691288381214239,2.018
127.229430394,3.3403788064045057,-0.0006912915566368305,2.018
127.229430394,3.332829197515793,-0.000691294757526606,2.018
127.229430394,3.325279588807208,-0.0006912979104272132,2.019
127.229430394,3.3252795891024594,-0.000691297875171859,2.019
127.229430394,3.3177299799835005,-0.0006913016810115025,2.02
127.229430394,3.3101803712749156,-0.0006913042034955019,2.02
127.229430394,3.3026307622943487,-0.0006913067010101415,2.021
127.229430394,3.29508115317539,-0.0006913098764331771,2.021
127.229430394,3.2950811534706412,-0.0006913104715944307,2.021
127.229430394,3.287531544466805,-0.0006913130293337844,2.022
127.229430394,3.2799819353478465,-0.00069131620475682,2.022
127.229430394,3.2724323264591333,-0.0006913187752295435,2.022
127.229430394,3.2648827177738173,-0.0006913218679054367,2.023
127.229430394,3.2648827177738173,-0.0006913218679054367,2.023
127.229430394,3.25733310895011,-0.0006913250080728961,2.024
127.229430394,3.2497834999230055,-0.0006913288868706235,2.024
127.229430394,3.242233891237689,-0.0006913313491296869,2.025
127.229430394,3.2422338915329405,-0.0006913313138743327,2.025
127.229430394,3.2346842824139816,-0.0006913344892973683,2.026
127.229430394,3.2271346738437887,-0.0006913375947066314,2.027
127.229430394,3.219585064748098,-0.0006913394490710711,2.027
127.229430394,3.212035456016245,-0.0006913432926136664,2.027
127.229430394,3.212035456016245,-0.0006913432926136664,2.027
127.229430394,3.2044858466253032,-0.0006913451822336825,2.027
127.229430394,3.1969362376447363,-0.0006913483101649298,2.027
127.229430394,3.189386628387386,-0.0006913515330795317,2.026
127.229430394,3.189386628115403,-0.000691350877693786,2.026
127.229430394,3.1818370189731757,-0.0006913547437581435,2.025
127.229430394,3.174287409697357,-0.0006913566461115295,2.025
127.229430394,3.1667378005783986,-0.0006913591911175132,2.024
127.229430394,3.1667378001680238,-0.0006913592136397195,2.024
127.229430394,3.159188191279311,-0.0006913624145292729,2.024
127.229430394,3.151638582068498,-0.0006913642561605648,2.024
127.229430394,3.1440889732030532,-0.0006913673968251821,2.024
127.229430394,3.144088973475036,-0.0006913680522113719,2.024
127.229430394,3.136539364379346,-0.0006913705369928635,2.025
127.229430394,3.1289897553755095,-0.0006913730947322172,2.025
127.229430394,3.121440146575071,-0.0006913761746749625,2.026
127.229430394,3.113890537981609,-0.0006913793403087176,2.026
127.229430394,3.113890537981609,-0.0006913793403087176,2.027
127.229430394,3.106340929066047,-0.0006913817771014852,2.028
127.229430394,3.09879132008548,-0.0006913842746163468,2.028
127.229430394,3.0912417073709326,0.010427409413223732,2.029
127.229430394,3.0836920981601192,0.01042740757159244,2.029
127.229430394,3.0836920984553706,0.010427407606847905,2.029
127.229430394,3.076142489566658,0.010427404405958463,2.03
127.229430394,3.068592880609359,0.010427402599085589,2.03
127.229430394,3.061043271785651,0.010427399458918019,2.03
127.229430394,3.0534936626666926,0.010427396283494983,2.031
127.229430394,3.0534936626666926,0.010427396283494983,2.031
127.229430394,3.0459440536861253,0.010427393785980454,2.031
127.229430394,3.038394444885686,0.010427391336454428,2.031
127.229430394,3.0308448360202416,0.01042738882620664,2.032
127.229430394,3.023295226762891,0.010427385603291928,2.032
127.229430394,3.0157456178055924,0.010427383166002446,2.032
127.229430394,3.0157456181008437,0.01042738320125769,2.032
127.229430394,3.0081960089818853,0.010427380656251706,2.032
127.229430394,3.0006464000013175,0.010427378158736955,2.032
127.229430394,2.9930967909056276,0.010427375673955463,2.033
127.229430394,2.985547181901791,0.01042737248579928,2.032
127.229430394,2.977997572690978,0.010427370013751158,2.032
127.229430394,2.9779975725108496,0.010427370596179264,2.032
127.229430394,2.9704479634151593,0.010427368111397772,2.032
127.229430394,2.962898354116072,0.010427365518402842,2.031
127.229430394,2.955348745020382,0.01042736303362135,2.031
127.229430394,2.9477991360398144,0.010427360536106933,2.031
127.229430394,2.9402495270359785,0.010427357347950639,2.03
127.229430394,2.9402495270359785,0.010427357347950639,2.03
127.229430394,2.932699917529914,0.01042735547106366,2.03
127.229430394,2.925150308687738,0.010427353651457638,2.03
127.229430394,2.917600699158405,0.010427351083929004,2.029
127.229430394,2.9100510900394463,0.01042734853892291,2.029
127.229430394,2.9100510897441945,0.010427348503667444,2.028
127.229430394,2.9025014807636276,0.010427346006153027,2.028
127.229430394,2.8949518718063283,0.010427344199279709,2.027
127.229430394,2.887402262415387,0.010427342309659915,2.027
127.229430394,2.879852653411551,0.01042733912150351,2.027
127.229430394,2.872303044315861,0.01042733663672224,2.027
127.229430394,2.864753435196902,0.010427334091715923,2.026
127.229430394,2.864753435196902,0.010427334091715923,2.026
127.229430394,2.857203826239603,0.01042733228484305,2.027
127.229430394,2.8496542171439128,0.010427329800061669,2.027
127.229430394,2.842104608024954,0.010427326624638411,2.027
127.229430394,2.8345549993629064,0.010427324853021225,2.028
127.229430394,2.8345549993629064,0.010427324853021225,2.028
127.229430394,2.827005390539199,0.010427321712853654,2.029
127.229430394,2.81945578173876,0.010427319263327517,2.03
127.229430394,2.8119061730767125,0.010427316861293279,2.03
127.229430394,2.804356563981022,0.010427315006928617,2.031
127.229430394,2.804356564276273,0.010427315042184304,2.031
127.229430394,2.796806955180583,0.010427312557402924,2.031
127.229430394,2.789257346084893,0.01042731007262121,2.031
127.229430394,2.781707737219448,0.010427307562373644,2.031
127.229430394,2.7741581275982607,0.010427305698219924,2.031
127.229430394,2.766608518756085,0.01042730387861368,2.03
127.229430394,2.766608518437565,0.010427303152716672,2.03
127.229430394,2.7590589091617463,0.010427301250363286,2.029
127.229430394,2.751509299655682,0.010427299373476528,2.028
127.229430394,2.7439596906751147,0.010427296875961778,2.027
127.229430394,2.73641008116905,0.01042729499907502,2.027
127.229430394,2.7364100809889216,0.010427294951086408,2.026
127.229430394,2.7288604720083542,0.010427293083988487,2.025
127.229430394,2.7213108627325355,0.010427290551218382,2.025
127.229430394,2.713761253341594,0.010427288661598144,2.024
127.229430394,2.706211644269172,0.010427286867458418,2.024
127.229430394,2.706211643950652,0.010427286141561187,2.023
127.229430394,2.698662034993353,0.010427284334688314,2.022
127.229430394,2.6911124256024115,0.010427282445068298,2.022
127.229430394,2.683562816441716,0.010427280529981764,2.021
127.229430394,2.683562816441716,0.010427280529981764,2.02
127.229430394,2.676013207050774,0.010427278009944807,2.02
127.229430394,2.668463598093475,0.010427276833488763,2.019
127.229430394,2.660913988997785,0.01042727434870716,2.019
127.229430394,2.653364379837089,0.010427272433620738,2.019
127.229430394,2.645814770511153,0.010427269974305653,2.019
127.229430394,2.645814770511153,0.010427269974305653,2.018
127.229430394,2.6382651613737256,0.010427268119444166,2.018
127.229430394,2.6307155523931582,0.010427266252346024,2.018
127.229430394,2.623165943182345,0.010427263780297902,2.018
127.229430394,2.615616334405175,0.010427262021413863,2.018
127.229430394,2.6156163314353176,0.021546058117138833,2.018
127.229430394,2.6080667225012872,0.02154605700090717,2.018
127.229430394,2.600517113267206,0.021546053838217505,2.018
127.229430394,2.5929675043099065,0.02154605203134463,2.018
127.229430394,2.5854178951492113,0.021546050116257875,2.018
127.229430394,2.5854178951492113,0.021546050116257875,2.018
127.229430394,2.5778682860767894,0.02154604895253498,2.018
127.229430394,2.5703186771194906,0.021546046515245276,2.017
127.229430394,2.5627690678436714,0.02154604461289189,2.017
127.229430394,2.5627690678436714,0.02154604461289189,2.017
127.229430394,2.555219458747981,0.02154604212811062,2.016
127.229430394,2.547669849675559,0.021546040964387392,2.016
127.229430394,2.540120240810115,0.021546038454139604,2.016
127.229430394,2.5325706314191736,0.021546036564519366,2.016
127.229430394,2.5250210223467517,0.021546034770379863,2.016
127.229430394,2.5250210223467517,0.021546034770379863,2.016
127.229430394,2.517471413366184,0.021546032272865223,2.016
127.229430394,2.5099218042937625,0.021546030478725386,2.015
127.229430394,2.502372195156335,0.021546029254280508,2.015
127.229430394,2.4948225861757676,0.02154602675676609,2.015
127.229430394,2.4872729771033457,0.02154602496262603,2.015
127.229430394,2.4872729771033457,0.02154602496262603,2.014
127.229430394,2.479723368146047,0.021546023786169988,2.014
127.229430394,2.472173758755105,0.02154602126613292,2.014
127.229430394,2.4646241497978068,0.021546020089676876,2.014
127.229430394,2.457074540817239,0.021546017592162126,2.014
127.229430394,2.457074540817239,0.021546017592162126,2.014
127.229430394,2.4495249316296945,0.02154601581075577,2.013
127.229430394,2.44197532260739,0.02154601394316069,2.013
127.229430394,2.4344257133965765,0.021546012101529066,2.013
127.229430394,2.434425713216448,0.021546012053540453,2.012
127.229430394,2.4268761041440263,0.02154601088981778,2.011
127.229430394,2.4193264949833306,0.021546008344314194,2.011
127.229430394,2.411776886026032,0.02154600716785815,2.011
127.229430394,2.404227277068733,0.021546005360984943,2.01
127.229430394,2.396677667996311,0.021546003566845218,2.01
127.229430394,2.3891280589238892,0.021546001772705492,2.01
127.229430394,2.381578449828199,0.02154599991834094,2.011
127.229430394,2.381578449828199,0.02154599991834094,2.011
127.229430394,2.3740288408709,0.021545998111467846,2.011
127.229430394,2.366479232116998,0.0215459964128083,2.011
127.229430394,2.358929623021308,0.02154599455844375,2.011
127.229430394,2.3513800140640093,0.021545992751570875,2.011
127.229430394,2.3513800140640093,0.021545992751570875,2.011
127.229430394,2.34383040478819,0.021545990849217267,2.011
127.229430394,2.3362807957157683,0.021545989055077763,2.011
127.229430394,2.328731186896861,0.021545987926113286,2.011
127.229430394,2.3211815778011706,0.021545985441331572,2.011
127.229430394,2.3211815778011706,0.021545985441331572,2.011
127.229430394,2.3136319687520173,0.02154598496825033,2.011
127.229430394,2.30608235977145,0.02154598247073569,2.011
127.229430394,2.298532751132671,0.021545981389759827,2.011
127.229430394,2.2909831419451265,0.02154597960835336,2.012
127.229430394,2.283433532849436,0.02154597712357209,2.012
127.229430394,2.283433532849436,0.02154597712357209,2.012
127.229430394,2.275883924030529,0.021545976625023888,2.012
127.229430394,2.268334314842984,0.021545974213200703,2.012
127.229430394,2.2607847058624166,0.021545972346102893,2.012
127.229430394,2.2532350969283863,0.021545971229871563,2.011
127.229430394,2.245685487652567,0.021545969327518177,2.011
127.229430394,2.245685487652567,0.021545969327518177,2.01
127.229430394,2.2381358784000174,0.021545968115806557,2.01
127.229430394,2.230586269465987,0.021545966999575006,2.01
127.229430394,2.223036660393565,0.02154596520543528,2.01
127.229430394,2.215487051297875,0.0215459627206539,2.01
127.229430394,2.2154870516163947,0.02154596344655091,2.01
127.229430394,2.2079374426358274,0.02154596094903627,2.01
127.229430394,2.20038783349482,0.021545960548913,2.01
127.229430394,2.192838224514252,0.021545958051398584,2.01
127.229430394,2.192838224334124,0.021545958633826467,2.01
127.229430394,2.185288615261702,0.021545956839686742,2.01
127.229430394,2.177739006304403,0.021545955663230365,2.009
127.229430394,2.170189397051853,0.021545953821102026,2.009
127.229430394,2.1626397881178225,0.021545953335287193,2.008
127.229430394,2.155090178842004,0.02154595080251731,2.008
127.229430394,2.155090178685144,0.02154595207558707,2.007
127.229430394,2.147540571868573,0.010427153571480163,2.006
127.229430394,2.1399909626160234,0.010427151729351603,2.006
127.229430394,2.132441353658724,0.010427150552895448,2.005
127.229430394,2.124891744406174,0.010427148710766887,2.005
127.229430394,2.124891744406174,0.010427148710766887,2.005
127.229430394,2.1173421353570205,0.010427148237685424,2.005
127.229430394,2.1097925243973847,0.021545943805954648,2.005
127.229430394,2.102242915324963,0.021545942011814923,2.005
127.229430394,2.0946933062525415,0.021545940217675197,2.005
127.229430394,2.0946933062525415,0.021545940217675197,2.005
127.229430394,2.087143697318511,0.021545939101443867,2.005
127.229430394,2.079594088361212,0.02154593792498749,2.005
127.229430394,2.0720444791736674,0.021545936143581135,2.005
127.229430394,2.0644948700595087,0.02154593497936086,2.004
127.229430394,2.0644948700595087,0.02154593497936086,2.003
127.229430394,2.056945260922081,0.02154593375491598,2.003
127.229430394,2.0493956519647822,0.021545931948043107,2.003
127.229430394,2.041846042915629,0.02154593147496142,2.002
127.229430394,2.034296433916593,0.02154593029800811,2.002
127.229430394,2.0267468248441713,0.021545929134285324,2.002
127.229430394,2.0267468248441713,0.021545929134285324,2.002
127.229430394,2.0191972156566265,0.021545926722461917,2.002
127.229430394,2.011647606722596,0.021545926236647306,2.002
127.229430394,2.0040979976501747,0.02154592444250758,2.002
127.229430394,1.996548388873004,0.021545922683623098,2.002
127.229430394,1.996548388873004,0.021545922683623098,2.002
127.229430394,1.9889987798238509,0.021545921580125138,2.002
127.229430394,1.9814491707746977,0.021545921107043675,2.002
127.229430394,1.9738995617756616,0.021545919930090363,2.002
127.229430394,1.9663499528183628,0.021545918753634208,2.002
127.229430394,1.9663499528183628,0.021545918753634208,2.002
127.229430394,1.9588003434005723,0.021545916997693926,2.001
127.229430394,1.9512507364921476,0.010427119196961931,2.001
127.229430394,1.9437011273779887,0.010427118663158708,2.001
127.229430394,1.9437011273779887,0.010427118663158708,2.001
127.229430394,1.9361515183705724,0.010427116929740743,2.002
127.229430394,1.928601909436542,0.010427115813509413,2.002
127.229430394,1.9210523006593716,0.010427114054625042,2.003
127.229430394,1.9135026913799726,0.010427112976593378,2.003
127.229430394,1.9059530823958253,0.01042711130340035,2.003
127.229430394,1.8984034736920403,0.010427110792119332,2.004
127.229430394,1.8984034736920403,0.010427110792119332,2.004
127.229430394,1.8908538645277644,0.010427109701354187,2.004
127.229430394,1.8833042555704655,0.010427108524898143,2.004
127.229430394,1.8757546464061894,0.010427106803716502,2.004
127.229430394,1.8757546464061894,0.010427106803716502,2.004
127.229430394,1.8682050373570362,0.010427106330635039,2.004
127.229430394,1.8606554283997372,0.010427104523762165,2.004
127.229430394,1.8531058193738525,0.010427104741322246,2.004
127.229430394,1.8455562102781622,0.010427102256540755,2.003
127.229430394,1.8455562102131566,0.010427102195818994,2.003
127.229430394,1.8380066012105405,0.0104271024736039,2.003
127.229430394,1.8304569921381186,0.010427100679464063,2.002
127.229430394,1.830456992073113,0.010427101249159132,2.002
127.229430394,1.8229073831390827,0.01042710013292758,2.002
127.229430394,1.815357773951538,0.010427098981937943,2.002
127.229430394,1.8078081649023847,0.010427097878439762,2.002
127.229430394,1.8002585561717515,0.010427096870421981,2.003
127.229430394,1.8002585561717515,0.010427096870421981,2.003
127.229430394,1.7927089471643352,0.010427095137004017,2.004
127.229430394,1.7851593366651908,0.021545890654340427,2.004
127.229430394,1.7776097277311602,0.021545890168525594,2.004
127.229430394,1.7700601188621357,0.02154588848259953,2.004
127.229430394,1.7700601188621357,0.02154588848259953,2.005
127.229430394,1.7625105096978593,0.021545888022251436,2.005
127.229430394,1.754960900763829,0.021545886906020106,2.005
127.229430394,1.7474112918297986,0.021545886420205274,2.005
127.229430394,1.7474112919180729,0.021545885910735474,2.006
127.229430394,1.739861682845651,0.021545884747012467,2.006
127.229430394,1.7323120739766265,0.0215458836915029,2.006
127.229430394,1.724762465042596,0.02154588257527157,2.007
127.229430394,1.724762465042596,0.02154588257527157,2.007
127.229430394,1.7172128560817168,0.021545882223136803,2.007
127.229430394,1.7096632471244178,0.02154588041626393,2.008
127.229430394,1.7096632471244178,0.02154588041626393,2.008
127.229430394,1.702113638255393,0.02154587936075436,2.008
127.229430394,1.694564029091117,0.02154587826998955,2.009
127.229430394,1.687014420180355,0.021545877844399652,2.009
127.229430394,1.6794648111079333,0.021545876680676757,2.009
127.229430394,1.6794648111079333,0.021545876680676757,2.009
127.229430394,1.6719152021971715,0.02154587625508686,2.009
127.229430394,1.6643655930328953,0.021545875164321826,2.008
127.229430394,1.656815984098865,0.021545874048090496,2.008
127.229430394,1.6492663749847063,0.021545873514287273,2.008
127.229430394,1.6492663749847063,0.021545873514287273,2.008
127.229430394,1.6417167672054158,0.010427076372382604,2.007
127.229430394,1.6341671580411397,0.010427075912034511,2.007
127.229430394,1.6266175490152548,0.010427074868761044,2.006
127.229430394,1.6266175489502492,0.01042707480803906,2.006
127.229430394,1.6190679399010959,0.010427074334957931,2.005
127.229430394,1.6115183309670655,0.010427073218726268,2.005
127.229430394,1.603968721941181,0.010427073436286682,2.005
127.229430394,1.603968720698167,0.021545868710596272,2.006
127.229430394,1.5964191116722821,0.021545868928156575,2.006
127.229430394,1.588869502623129,0.021545867824658393,2.006
127.229430394,1.5813198936389812,0.021545866781881973,2.007
127.229430394,1.5737702848850794,0.02154586571363959,2.007
127.229430394,1.566220676987086,0.010427069408789458,2.008
127.229430394,1.566220676987086,0.010427069408789458,2.008
127.229430394,1.5586710679796696,0.010427067675371715,2.008
127.229430394,1.5511214590456393,0.010427066559140385,2.008
127.229430394,1.5435718499279,0.010427066849658662,2.009
127.229430394,1.5360222408554784,0.010427065055518825,2.009
127.229430394,1.528472631806325,0.010427064582437473,2.009
127.229430394,1.5284726320097222,0.010427064690651022,2.01
127.229430394,1.520923022845446,0.01042706423030293,2.01
127.229430394,1.5133734130101901,0.021545859804919743,2.01
127.229430394,1.5058238039843053,0.021545859392063327,2.011
127.229430394,1.4982741949351521,0.021545858918981864,2.011
127.229430394,1.4982741950001577,0.021545858349287128,2.011
127.229430394,1.4907245860661273,0.021545857863472295,2.012
127.229430394,1.4831749770402425,0.02154585745061588,2.012
127.229430394,1.4756253680143578,0.021545857037759353,2.012
127.229430394,1.4756253680143578,0.021545857037759353,2.012
127.229430394,1.4680757590803275,0.0215458559215278,2.012
127.229430394,1.4605261500544426,0.021545856139088215,2.012
127.229430394,1.4529765407750437,0.0215458544306395,2.012
127.229430394,1.4454269320444102,0.02154585468345549,2.012
127.229430394,1.4454269320444102,0.02154585468345549,2.012
127.229430394,1.4378773231103799,0.021545853567223938,2.013
127.229430394,1.430327713830981,0.021545852489192274,2.013
127.229430394,1.422778104920219,0.021545852063602378,2.013
127.229430394,1.4152284958943344,0.021545851650745962,2.013
127.229430394,1.4152284960744628,0.021545851698734797,2.014
127.229430394,1.4076788867950638,0.02154585125111963,2.014
127.229430394,1.4001292780226935,0.021545850873021632,2.014
127.229430394,1.3925796690385457,0.02154584983024521,2.014
127.229430394,1.3850300598742695,0.021545849369897008,2.015
127.229430394,1.3850300598742695,0.021545849369897008,2.015
127.229430394,1.3774804509133904,0.021545848387345967,2.015
127.229430394,1.3699308421410201,0.021545849270081074,2.016
127.229430394,1.3699308421410201,0.021545849270081074,2.016
127.229430394,1.3623812328383527,0.021545847501407867,2.016
127.229430394,1.3548316239275906,0.02154584707581797,2.016
127.229430394,1.3472820150400975,0.021545847340869728,2.016
127.229430394,1.3472820150818343,0.021545846710949945,2.016
127.229430394,1.3397324059408269,0.0215458463108269,2.016
127.229430394,1.3321827968916735,0.021545845837745436,2.017
127.229430394,1.3246331879809117,0.02154584541215565,2.017
127.229430394,1.3170835789782955,0.02154584568994078,2.017
127.229430394,1.3170835789782955,0.02154584568994078,2.017
127.229430394,1.3095339699291422,0.021545844586442264,2.017
127.229430394,1.3019843607881345,0.02154584481673605,2.017
127.229430394,1.2944347518541042,0.02154584370050472,2.017
127.229430394,1.2944347518541042,0.02154584370050472,2.016
127.229430394,1.2868851427363652,0.021545843991022662,2.016
127.229430394,1.2793355338256034,0.021545843565433098,2.016
127.229430394,1.2717859245963217,0.021545843044363022,2.016
127.229430394,1.2717859245963217,0.021545843044363022,2.016
127.229430394,1.2642363158006826,0.021545842606039867,2.015
127.229430394,1.2566867065946694,0.021545842775611557,2.015
127.229430394,1.249137097660639,0.021545841659380005,2.014
127.229430394,1.249137097618902,0.021545842919716618,2.014
127.229430394,1.2415874885697487,0.021545841816218436,2.014
127.229430394,1.2340378795170153,0.021545841537041643,2.014
127.229430394,1.2340378795170153,0.021545841537041643,2.015
127.229430394,1.2264882709968703,0.010427044544991548,2.015
127.229430394,1.2189386619942542,0.010427044822776677,2.015
127.229430394,1.2113890528532465,0.010427044422653409,2.015
127.229430394,1.2038394439192162,0.010427043936838798,2.015
127.229430394,1.2038394439192162,0.010427043936838798,2.014
127.229430394,1.1962898347782085,0.010427043536715308,2.014
127.229430394,1.1887402256873183,0.010427043693553628,2.014
127.229430394,1.1811906167765565,0.010427042637547013,2.014
127.229430394,1.1736410076355488,0.010427042867840575,2.014
127.229430394,1.1736410076355488,0.010427042867840575,2.013
127.229430394,1.1660913985679269,0.010427043084903609,2.013
127.229430394,1.1585417895187737,0.010427042611822257,2.013
127.229430394,1.150992180608012,0.010427042186232582,2.013
127.229430394,1.150992180608012,0.010427042186232582,2.013
127.229430394,1.14344257137515,0.010427042489484006,2.012
127.229430394,1.135892962579511,0.010427042051161073,2.012
127.229430394,1.1283433534886207,0.010427042207999393,2.012
127.229430394,1.1283433534886207,0.010427042207999393,2.012
127.229430394,1.1207937442092217,0.010427041129967507,2.011
127.229430394,1.1132441353718456,0.010427041951980853,2.011
127.229430394,1.1056945264610838,0.01042704215680812,2.011
127.229430394,1.0981449172282218,0.010427041829642714,2.011
127.229430394,1.0981449172699589,0.01042704119972293,2.011
127.229430394,1.0905953081790685,0.01042704135656125,2.011
127.229430394,1.0830456992915751,0.010427041621613231,2.011
127.229430394,1.0754960901505677,0.010427041221489741,2.011
127.229430394,1.0679464811246828,0.010427041439050044,2.011
127.229430394,1.0603968721220667,0.01042704171683495,2.011
127.229430394,1.0603968721220667,0.01042704171683495,2.011
127.229430394,1.0528472629577905,0.010427040626070028,2.011
127.229430394,1.0452976539551744,0.010427040903855156,2.011
127.229430394,1.0377480450444125,0.0104270411086822,2.011
127.229430394,1.0377480450444125,0.0104270411086822,2.011
127.229430394,1.0301984360417964,0.010427040756050499,2.011
127.229430394,1.0226488269007887,0.01042704098634395,2.011
127.229430394,1.0150992178749039,0.010427040573487312,2.011
127.229430394,1.0075496089372933,0.010427040911994423,2.011
127.229430394,1.0075496089372933,0.010427040911994423,2.012
127.229430394,0.9999999998612914,0.010427040572593027,2.012
127.229430394,0.9924503907435522,0.010427040863111081,2.013
127.229430394,0.984900781694399,0.01042704039002984,2.013
127.229430394,0.9773511726416655,0.01042704011085327,2.013
127.229430394,0.9698015636157808,0.010427039697996632,2.013
127.229430394,0.9698015636157808,0.010427039697996632,2.014
127.229430394,0.9622519546131646,0.010427040606198479,2.014
127.229430394,0.9547023457024028,0.010427040180608693,2.014
127.229430394,0.9471527364928094,0.010427041174501883,2.013
127.229430394,0.9396031274937733,0.010427040627965067,2.013
127.229430394,0.9320535184911571,0.010427040905750418,2.013
127.229430394,0.9320535184911571,0.010427040905750418,2.013
127.229430394,0.9245039094652724,0.01042704049289378,2.013
127.229430394,0.9169543004626562,0.010427041401095627,2.013
127.229430394,0.90940469146004,0.010427041678880533,2.013
127.229430394,0.9018550824341552,0.010427041266024117,2.013
127.229430394,0.8943054733164162,0.010427041556542282,2.013
127.229430394,0.8867558644056543,0.010427041761369327,2.013
127.229430394,0.8792062552879153,0.010427041421470773,2.013
127.229430394,0.8792062552377979,0.010427041494925904,2.013
127.229430394,0.8716566462351818,0.010427042403127751,2.014
127.229430394,0.86410703732442,0.010427041977537965,2.014
127.229430394,0.8565574280682895,0.010427041590148067,2.014
127.229430394,0.8490078192040647,0.010427042545841259,2.014
127.229430394,0.8490078192040647,0.010427042545841259,2.014
127.229430394,0.8414582100630571,0.01042704214571799,2.014
127.229430394,0.8339086010604408,0.010427043053919838,2.013
127.229430394,0.8263589919695505,0.010427043210758047,2.013
127.229430394,0.8188093830820572,0.010427043475810027,2.013
127.229430394,0.8188093830820572,0.010427043475810027,2.012
127.229430394,0.8112597740144354,0.010427043692873061,2.012
127.229430394,0.8037101650118191,0.010427043970657968,2.012
127.229430394,0.7961605559859344,0.01042704418821827,2.012
127.229430394,0.7886109468681954,0.010427044478736547,2.012
127.229430394,0.788610946933201,0.01042704453945853,2.012
127.229430394,0.7810613379305847,0.010427044817243436,2.013
127.229430394,0.7735117289279685,0.010427045095028786,2.013
127.229430394,0.7659621197869609,0.010427044694905185,2.013
127.229430394,0.7584125107574959,0.010427045736786988,2.013
127.229430394,0.7508629018700027,0.010427046001838969,2.014
127.229430394,0.7508629018700027,0.010427046001838969,2.014
127.229430394,0.7433132926138721,0.010427046244865568,2.014
127.229430394,0.735763683611256,0.010427046522650696,2.014
127.229430394,0.7282140745853714,0.01042704610979428,2.014
127.229430394,0.7282140745853714,0.01042704610979428,2.014
127.229430394,0.7206644656060235,0.01042704707822062,2.014
127.229430394,0.7131148564148988,0.010427046751552482,2.014
127.229430394,0.705565247435551,0.010427048350396095,2.015
127.229430394,0.6980156384329348,0.010427047997764283,2.015
127.229430394,0.6980156384329348,0.010427047997764283,2.015
127.229430394,0.6904660294070502,0.010427048215324586,2.015
127.229430394,0.6829164201741882,0.01042704851857601,2.015
127.229430394,0.6753668112866948,0.010427049414044709,2.015
127.229430394,0.6753668112866948,0.010427049414044709,2.015
127.229430394,0.6678172022840786,0.010427049691829615,2.015
127.229430394,0.660267593304731,0.010427050660256398,2.015
127.229430394,0.6527179842788462,0.01042705024739976,2.015
127.229430394,0.6451683751611071,0.010427050537918037,2.014
127.229430394,0.6376187660934853,0.0104270513853979,2.014
127.229430394,0.6376187660934853,0.0104270513853979,2.014
127.229430394,0.630069157205992,0.010427052280866489,2.014
127.229430394,0.6225195480882529,0.010427051940968157,2.014
127.229430394,0.6149699391089052,0.010427053539811326,2.014
127.229430394,0.6074203299177804,0.01042705321314319,2.014
127.229430394,0.6074203299177804,0.01042705321314319,2.014
127.229430394,0.5998707209384326,0.010427053551153254,2.015
127.229430394,0.592321111959085,0.010427055149996645,2.015
127.229430394,0.5847715028180773,0.010427054749873377,2.014
127.229430394,0.5847715028180773,0.010427054749873377,2.014
127.229430394,0.5772218938655784,0.010427055584619871,2.014
127.229430394,0.5696722848629622,0.010427055862405,2.014
127.229430394,0.5621226759104633,0.010427056697151493,2.013
127.229430394,0.5545730669311156,0.010427057665578388,2.013
127.229430394,0.5545730669311156,0.010427057665578388,2.012
127.229430394,0.5470234579517679,0.010427058634004838,2.012
127.229430394,0.5394738489760005,0.01042705877811001,2.012
127.229430394,0.5319242398582613,0.010427059068628286,2.012
127.229430394,0.5243746308556452,0.010427059976830133,2.012
127.229430394,0.5168250218762975,0.010427060314839975,2.012
127.229430394,0.5092754128969498,0.010427061913683477,2.012
127.229430394,0.5092754128969498,0.010427061913683477,2.012
127.229430394,0.5017258037559422,0.01042706151356021,2.012
127.229430394,0.49417619463820306,0.010427062434495205,2.011
127.229430394,0.48662658582409557,0.010427063316733376,2.011
127.229430394,0.479076976729625,0.010427064297893085,2.011
127.229430394,0.479076976729625,0.010427064297893085,2.011
127.229430394,0.47152736772700876,0.010427064575678213,2.011
127.229430394,0.4639777587243926,0.01042706548388006,2.011
127.229430394,0.45642814972177637,0.010427065761665189,2.011
127.229430394,0.4488785406273058,0.010427067373241727,2.011
127.229430394,0.4488785406273058,0.010427067373241727,2.011
127.229430394,0.44132893139444396,0.010427067046076655,2.011
127.229430394,0.43377932259522467,0.010427068062491829,2.011
127.229430394,0.4262297134774856,0.010427068983426935,2.012
127.229430394,0.4186801041945064,0.010427068729716882,2.012
127.229430394,0.41113049533028156,0.010427070315827125,2.013
127.229430394,0.4035808862125425,0.010427070606345401,2.013
127.229430394,0.4035808862125425,0.010427070606345401,2.013
127.229430394,0.39603127723319487,0.010427071574772073,2.013
127.229430394,0.3884816681387242,0.010427072555931782,2.013
127.229430394,0.38093205925123086,0.010427072820983763,2.012
127.229430394,0.37338245006848625,0.010427073681196775,2.012
127.229430394,0.3658328411809929,0.010427074576665363,2.012
127.229430394,0.3658328411809929,0.010427074576665363,2.012
127.229430394,0.35828323208652235,0.010427075557825405,2.012
127.229430394,0.3507336229920518,0.010427076538985114,2.012
127.229430394,0.34318401398943554,0.010427076816770242,2.012
127.229430394,0.3356344051252107,0.010427078402880485,2.012
127.229430394,0.3356344051252107,0.010427078402880485,2.012
127.229430394,0.32808479577722593,0.01042707871886528,2.012
127.229430394,0.3205351882259586,0.021545875989795737,2.012
127.229430394,0.31298557926987947,0.021545877648863843,2.011
127.229430394,0.3129855780988936,0.010427080556796975,2.011
127.229430394,0.3054359690545403,0.010427082094918383,2.01
127.229430394,0.29788636007519265,0.010427083063345055,2.009
127.229430394,0.29033675123781655,0.010427083885358401,2.009
127.229430394,0.2903367514263252,0.010427084489811667,2.008
127.229430394,0.28278714219346335,0.01042708542347981,2.008
127.229430394,0.2752375332141156,0.010427086391906704,2.007
127.229430394,0.26768792432662225,0.01042708728737518,2.007
127.229430394,0.26768792432662225,0.01042708728737518,2.007
127.229430394,0.2601383151170288,0.010427087650851652,2.007
127.229430394,0.25258870613768103,0.010427089249695043,2.008
127.229430394,0.2450390970199421,0.010427089540213319,2.008
127.229430394,0.2450390970199421,0.010427089540213319,2.008
127.229430394,0.23748948792547142,0.010427091151789858,2.008
127.229430394,0.22993987894612378,0.0104270914897997,2.008
127.229430394,0.22239027153324797,0.021545889438638777,2.008
127.229430394,0.22239027153324797,0.021545889438638777,2.008
127.229430394,0.2148406624155088,0.02154589035957377,2.007
127.229430394,0.2072910534862784,0.021545891254545313,2.007
127.229430394,0.19974144448366227,0.02154589216274716,2.007
127.229430394,0.19974144448366227,0.02154589216274716,2.007
127.229430394,0.19219183552758312,0.021545893821815376,2.007
127.229430394,0.18464222654823526,0.021545894790241937,2.007
127.229430394,0.17709261738037907,0.021545895154215566,2.007
127.229430394,0.16954300842429992,0.021545896813283782,2.008
127.229430394,0.16954300842429992,0.021545896813283782,2.008
127.229430394,0.161993399279712,0.021545897867898733,2.009
127.229430394,0.15444379018524157,0.021545898849058442,2.009
127.229430394,0.14689418101738516,0.02154589921303185,2.01
127.229430394,0.1393445720380374,0.021545900811875462,2.01
127.229430394,0.13934457201118866,0.02154590094555542,2.01
127.229430394,0.1317949627783268,0.021545901248807064,2.011
127.229430394,0.12424535393737046,0.02154590352555885,2.011
127.229430394,0.1166957449347541,0.02154590380334398,2.011
127.229430394,0.1166957449347541,0.02154590380334398,2.011
127.229430394,0.10914613574842935,0.021545905487878603,2.011
127.229430394,0.1015965267458131,0.02154590576566373,2.011
127.229430394,0.09404691788158825,0.021545906721357033,2.01
127.229430394,0.09404691788158825,0.021545906721357033,2.01
127.229430394,0.0864973086719949,0.02154590834566672,2.01
127.229430394,0.07894769983103855,0.02154590999200201,2.01
127.229430394,0.07139809062144509,0.021545910985894978,2.01
127.229430394,0.06384848164209744,0.02154591195432176,2.01
127.229430394,0.06384848180733749,0.02154591249855009,2.01
127.229430394,0.05629887263948119,0.021545912862523497,2.01
127.229430394,0.048749263798524956,0.021545914508858677,2.011
127.229430394,0.04119965458893149,0.021545915502751645,2.011
127.229430394,0.0336500455594666,0.021545916544633448,2.012
127.229430394,0.033650045394226336,0.02154591663082217,2.012
127.229430394,0.02610043629975589,0.02154591761198177,2.013
127.229430394,0.01855082717843659,0.021545918726821656,2.014
127.229430394,0.01855082717843659,0.021545918726821656,2.014
127.229430394,0.011001218033848792,0.021545920411853547,2.014
127.229430394,0.003451609054501148,0.02154592074986339,2.015
127.229430394,-0.00409800013182382,0.021545923064814954,2.015
127.229430394,-0.00409800013182382,0.021545923064814954,2.015
127.229430394,-0.011647608996048664,0.021545924020508367,2.015
127.229430394,-0.011647608996048664,0.021545924020508367,2.015
127.229430394,-0.019197217975396308,0.021545924988934817,2.015
127.229430394,-0.026746827184989774,0.021545926613244948,2.015
127.229430394,-0.026746827184989774,0.021545926613244948,2.015
127.229430394,-0.03429643602594612,0.021545928259579794,2.015
127.229430394,-0.034296436191186164,0.021545927715351576,2.015
127.229430394,-0.04184604528565683,0.021545929326928115,2.015
127.229430394,-0.049395654380127274,0.021545930308088157,2.015
127.229430394,-0.049395654380127274,0.021545930308088157,2.015
127.229430394,-0.056945263055843576,0.021545932498651665,2.015
127.229430394,-0.056945263055843576,0.021545932498651665,2.015
127.229430394,-0.056945263055843576,0.021545932498651665,2.015
127.229430394,-0.06449487231555429,0.021545932935583156,2.016
127.229430394,-0.06449487231555429,0.021545932935583156,2.016
127.229430394,-0.0720444815519965,0.0215459346935728,2.017
127.229430394,-0.07204448171723654,0.0215459347797613,2.017
127.229430394,-0.07959409069658419,0.021545935748187972,2.018
127.229430394,-0.07959409088509295,0.021545934513317877,2.019
127.229430394,-0.07959409316915078,0.010427138373401701,2.019
127.229430394,-0.0871437021484982,0.010427139972245425,2.02
127.229430394,-0.0871437021484982,0.010427139972245425,2.02
127.229430394,-0.08714370217534695,0.01042714010592527,2.02
127.229430394,-0.09469331138494042,0.01042714109981846,2.021
127.229430394,-0.09469331138494042,0.01042714109981846,2.021
127.229430394,-0.09469331138494042,0.01042714109981846,2.021
127.229430394,-0.09469331138494042,0.01042714109981846,2.021
127.229430394,-0.09469331138494042,0.01042714109981846,2.021
127.229430394,-0.09469331138494042,0.01042714109981846,2.021
127.229430394,-0.10224292047941108,0.010427142711394999,2.02
127.229430394,-0.10224292017577952,0.010427143303115116,2.019
127.229430394,-0.10224292001053925,0.010427143216926615,2.019
127.229430394,-0.1022429199836905,0.01042714308324677,2.018
127.229430394,-0.1022429199836905,0.01042714308324677,2.017
127.229430394,-0.10224291970332766,0.01042714361474184,2.017
127.229430394,-0.10224291970332766,0.01042714361474184,2.017
127.229430394,-0.10224291970332766,0.01042714361474184,2.017
127.229430394,-0.10979252865940681,0.010427144643393005,2.017
127.229430394,-0.10979252882464685,0.010427144729581506,2.018
127.229430394,-0.1097925288747641,0.010427144803036636,2.019
127.229430394,-0.10979252915512716,0.010427144271541788,2.019
127.229430394,-0.10979252915512716,0.010427144271541788,2.02
127.229430394,-0.10979252731667266,0.02154594059656778,2.02
127.229430394,-0.10979252731667266,0.02154594059656778,2.021
127.229430394,-0.1097925273435214,0.021545940730247737,2.022
127.229430394,-0.1097925273435214,0.021545940730247737,2.022
127.229430394,-0.10979252750876145,0.021545940816436238,2.023
127.229430394,-0.11734213686032646,0.02154594258715925,2.023
127.229430394,-0.11734213686032646,0.02154594258715925,2.024
